date,txVolume(USD),adjustedTxVolume(USD),txCount,marketcap(USD),price(USD),exchangeVolume(USD),fees,activeAddresses,medianTxValue(USD),medianFee,paymentCount
2017-09-24,,,5,,,,0.699398,8,,0.170894,4
2017-09-25,,,8,,,,0.520637,16,,0.0,3
2017-09-26,,,1,,,,0.178761,4,,0.178761,1
2017-09-27,,,6,,,,0.683577,12,,0.1708065,3
2017-09-28,,,36,,,,2.245973,65,,0.0,12
2017-09-29,,,2487,,,,97.645858,4747,,0.0,548
2017-09-30,,,2528,,,,146.158702,4976,,0.0,823
2017-10-01,436003334.5370864,131172323.08816573,3096,0.0,0.021678,50068700.0,291.170785,5973,18065.296266,0.17107,1661
2017-10-02,1025157737.9568694,151391424.73981616,2943,596765346.7747957,0.024607,57641300.0,316.074603,5858,24206.767145,0.17107,1792
2017-10-03,604612406.4398379,125245327.84600528,1808,667797139.7124808,0.025757,16997800.0,182.280983,3701,21063.743716885012,0.17107,1018
2017-10-04,207884312.8242444,48658685.98929385,859,540954733.0022343,0.020864,9000050.0,59.948744,1769,16076.163862246913,0.0,335
2017-10-05,411326650.2749568,105546705.41995238,1193,569117180.3709339,0.021951,5562510.0,156.805239,2454,39520.616787821484,0.17107,882
2017-10-06,312314745.4551762,88156760.73050109,889,553779286.2358811,0.021359,7780709.999999999,114.499377,1844,67195.42438607007,0.17107,648
2017-10-07,185266331.5192368,52958699.34433629,671,477418796.67035955,0.018414,7411240.0,81.891164,1371,36179.109054,0.17107,460
2017-10-08,214142599.596651,66264825.00757267,679,542632959.3476095,0.020929,7727459.999999999,90.981593,1406,54499.9077244386,0.17107,521
2017-10-09,163939625.74489385,57131563.06003611,680,527453167.68743783,0.020344,4663310.0,87.836065,1460,30458.838149801533,0.17107,492
2017-10-10,211980536.3463458,64279716.382457964,660,573307371.8734847,0.022112,2725600.0,80.536581,1376,46343.116931403405,0.17107,460
2017-10-11,147429298.94300872,61110954.7733205,557,556901110.3108349,0.02148,3606719.9999999995,70.54622,1172,42745.99476,0.17107,399
2017-10-12,191961300.2421916,67803296.21756583,672,584346541.2853878,0.022538,8680640.0,86.246889,1411,46152.572646,0.17107,492
2017-10-13,243264094.95277882,90728018.35800312,782,675685385.3149431,0.026061,15613600.0,110.361223,1642,106924.70559300434,0.17107,625
2017-10-14,379080551.6842433,101997900.9817668,930,878302735.8309566,0.033876,27853200.0,142.220331,1944,699264.9618275227,0.171246,812
2017-10-15,280089467.0372439,86825379.134317,726,852315171.2978135,0.032874,7104990.0,104.520862,1450,663027.841216909,0.171246,593
2017-10-16,229827474.89789626,85276112.9846672,626,776235927.407662,0.029939,6196030.0,93.112895,1311,569556.6993289398,0.171246,540
2017-10-17,305513404.2078856,94783780.93009324,669,750680263.2922806,0.028953,7039900.0,104.33597,1343,514046.8464891705,0.171246,603
2017-10-18,464452866.20578736,210134539.47896647,502,705701001.3854108,0.027219,2336180.0,78.68741,1042,446224.39048830594,0.171246,449
2017-10-19,206818645.13736072,129830627.40956728,536,692353930.3237644,0.026704,2897720.0,82.803862,1124,414421.2841985164,0.171246,470
2017-10-20,189373019.89498153,80659810.06738813,705,699559649.2742409,0.026982,8716410.0,111.994747,1477,394919.5680824177,0.171246,627
2017-10-21,154653813.89520362,55538537.82626814,578,798714952.3342946,0.030806,5344520.0,84.506958,1204,433132.63497698994,0.17107,486
2017-10-22,128926681.2268808,51814314.8075217,517,740601428.6490678,0.028565,2930210.0,75.831882,1118,388142.2648059515,0.171246,435
2017-10-23,65490614.37493248,33508263.588677246,298,717753741.7526518,0.027684,3517050.0,42.534358,657,194512.28372870706,0.171246,238
2017-10-24,131859234.35677303,61833018.47185897,714,656958792.5307616,0.025339,7589560.0,113.657667,1556,200718.93472470067,0.171246,646
2017-10-25,119840361.52758874,46434947.67632628,445,701028866.2219639,0.027038,2561430.0,69.408139,941,329960.86839937576,0.171246,397
2017-10-26,114449869.94086571,62228720.37553673,429,710629837.595017,0.027409,2437710.0,66.791287,910,323338.5313831837,0.171246,379
2017-10-27,86978314.26574759,41077078.574936174,450,703603506.7477825,0.027138,2511440.0,70.030302,960,305074.03318069765,0.171246,399
2017-10-28,83751961.39792155,38369163.66770811,372,682895750.771708,0.026339,1739460.0,58.897018,791,289962.3759200543,0.171246,338
2017-10-29,72005519.91205129,40777657.630689934,411,669719817.797532,0.025831,4746180.0,61.400928,881,275233.9684290065,0.171246,350
2017-10-30,3379714002.5286884,122846645.35987295,576,734200214.3495084,0.028318,3781270.0,93.926058,1195,314443.0838538015,0.171246,530
2017-10-31,296413605.6950573,111187703.28874035,626,740152241.6752636,0.028547,7304450.0,100.983941,1328,296973.2195811354,0.171246,579
2017-11-01,149875308.51763362,87059049.82575323,574,755184354.5759592,0.029127,9382780.0,95.194351,1245,290230.5709812616,0.171246,538
2017-11-02,91767593.54226199,56428919.1581723,458,598368052.294565,0.023079,6165050.0,75.110304,1017,221966.1840755602,0.171246,425
2017-11-03,52618111.852349065,31546030.693672664,377,555308450.9992045,0.021418,2836080.0,59.906445,830,199089.85778740476,0.171246,340
2017-11-04,51279920.98421924,29276416.05388002,355,587017469.5368268,0.022641,2626920.0,55.404465,774,200940.40015886808,0.171246,317
2017-11-05,55581018.13431366,24963442.406185985,379,571795614.124255,0.022054,2396230.0,60.284034,813,189033.48942011068,0.171246,349
2017-11-06,62292930.56212536,35175315.00699852,472,543872158.2519081,0.020977,4591160.0,78.82348,1046,171472.13535565516,0.171246,447
2017-11-07,58612520.08004953,35370666.23592467,402,566395126.6948413,0.021846,2539540.0,63.690628,858,171486.60388612177,0.171246,362
2017-11-08,45269129.9647851,26946585.935374517,356,568113970.0027,0.021912,6367000.000000001,57.969264,790,167158.14232832103,0.171246,325
2017-11-09,85053955.8292676,37720676.183932856,588,652323059.3966243,0.02516,18716200.0,95.284479,1333,184170.4275072993,0.171246,540
2017-11-10,183850727.3683787,119113220.51869027,547,835350445.850105,0.032219,6766780.0,88.204026,1160,231880.5885194025,0.171246,494
2017-11-11,44345210.3937143,21906468.97382922,334,697207394.8921895,0.026891,5532220.0,52.508007,737,163368.46991837004,0.171246,303
2017-11-12,123441913.74176311,20151196.635472212,394,712475898.0523002,0.02748,7280250.0,61.243157,800,225369.95132770328,0.171246,340
2017-11-13,356746741.0160872,70934318.1637298,383,631677356.3865467,0.024364,4419440.0,62.372078,813,170820.91873641318,0.171246,352
2017-11-14,46429195.9630307,29414203.91099867,448,668843188.6557759,0.025797,3033290.0,71.83201,986,72838.29695869182,0.171246,403
2017-11-15,51744248.31281224,28184188.528595753,442,677101132.809983,0.026116,6858800.0,70.979033,1000,171049.28887025348,0.171246,403
2017-11-16,61825795.33749515,38432722.53163028,443,689219315.6894488,0.026583,4888130.0,71.973901,968,167099.36065608432,0.171246,415
2017-11-17,115083117.23962304,87450277.88200706,370,703724822.5187211,0.027143,3578870.0,60.749748,817,167900.2108841088,0.171246,348
2017-11-18,117682013.95475446,20712804.40983958,448,663657741.6303995,0.025597,2930550.0,72.758308,963,199100.66847925255,0.171246,418
2017-11-19,50836557.081882544,30160504.58299557,443,680416226.3053339,0.026243,4725050.0,73.319392,973,158312.0391963877,0.171246,417
2017-11-20,332733193.1531033,98453282.47736911,678,729906292.4412291,0.028152,16172400.0,112.526056,1474,165948.81791843555,0.171246,641
2017-11-21,115178829.88209563,23514635.36749943,542,767117774.8628309,0.029587,5836790.0,91.303519,1163,175129.07133540435,0.171246,524
2017-11-22,58731150.80520778,36949591.53311143,470,736308034.1755579,0.028399,4938480.0,77.04848,1014,160964.67873374184,0.171246,434
2017-11-23,63033634.67246226,29750035.17044008,485,739955896.7621337,0.02854,5132300.0,81.570962,1041,157228.67450904206,0.171246,462
2017-11-24,60885321.69511374,32735982.863545578,468,710552288.4569798,0.027406,5502350.0,77.661925,1029,147274.45843806045,0.171246,439
2017-11-25,56702989.46470246,35713599.96804479,492,734365581.8826157,0.028324,6156460.0,82.420601,1085,148102.90617341886,0.171246,465
2017-11-26,81999172.82768406,46498351.21684711,774,789142246.1438676,0.030437,30527100.0,129.839839,1757,154744.63333508777,0.171246,736
2017-11-27,248551306.6042872,53378299.04907968,1214,949423396.227146,0.036619,77777296.0,203.50762,2668,184698.10702576733,0.171246,1150
2017-11-28,361626658.44148993,148186360.10102373,2214,1312609800.337762,0.050627,240338000.0,376.086687,4719,243397.81420178834,0.171246,2136
2017-11-29,722991386.4345638,98462739.1794314,1274,3065480351.304253,0.118235,210624992.0,207.949075,2702,613397.4522894578,0.17107,1183
2017-11-30,1439135957.9086845,589039930.3830748,3217,2461256805.9291973,0.09493,124345000.0,544.873563,6444,414287.71287349216,0.171246,3126
2017-12-01,2857211194.6707816,939618325.8576424,3075,3023666820.00973,0.116622,73657600.0,526.069775,6231,476847.4779049349,0.17107,2977
2017-12-02,919464224.7669808,389086161.03975475,2269,3412858076.3524942,0.131633,56712600.0,381.75557,4386,510203.7310704434,0.17107,2176
2017-12-03,755702161.0380672,361884379.2187047,1972,3431473712.3710117,0.132351,46458900.0,334.232577,3920,496588.0391367082,0.17107,1902
2017-12-04,4337070442.850472,1108171119.8126388,2768,3410602420.993626,0.131546,76392704.0,472.122462,5293,483666.19264445023,0.17107,2699
2017-12-05,3911611136.6957994,704056874.5905507,3144,3516358941.9837556,0.135625,50381100.0,536.204627,6005,476880.64030576375,0.17107,3051
2017-12-06,2506608852.05448,427367019.9598697,3243,3286204336.4134116,0.126748,75688800.0,556.724766,6270,421986.3948706323,0.17107,3175
2017-12-07,2273088469.7165217,321733392.6205075,3080,3053327389.168387,0.117766,71024600.0,529.408236,5893,377879.5472772989,0.17107,3008
2017-12-08,1683236055.374501,569127476.903353,2981,2751951121.3475947,0.106142,70092400.0,509.523792,5694,326147.52639637695,0.17107,2922
2017-12-09,1120676230.0559115,232211890.1936692,2307,2975001708.9023404,0.114745,63308600.0,397.817485,4509,336600.9507342224,0.17107,2270
2017-12-10,626919827.5807965,247579022.64351505,1925,3105907488.0278926,0.119794,46376600.0,331.000772,3788,336876.3210333286,0.17107,1878
2017-12-11,1570034525.435418,276957219.2361045,2903,2824158012.3903756,0.108927,39513900.0,499.253429,5634,297121.39067219506,0.17107,2858
2017-12-12,1928367014.8599234,393683885.9075476,3453,3141764626.2181697,0.121177,60056800.0,593.232415,6598,316450.99459998176,0.17107,3383
2017-12-13,2197540173.181567,385518469.39969844,3330,3467460486.7680535,0.133739,61575000.0,572.413354,6444,335681.02007994935,0.17107,3273
2017-12-14,3414740056.4602566,403031838.4056181,5011,3465593737.47231,0.133667,309307008.0,865.688482,9816,577951.0596642134,0.17107,4929
2017-12-15,6277471268.6626,712903779.0126141,5428,6046426193.604177,0.233209,207311008.0,936.735232,10695,779613.9911266225,0.17107,5361
2017-12-16,4246707570.858194,806985539.6435301,7126,5519225140.640098,0.212875,581052032.0,1226.080362,13835,480193.00538183,0.17107,7060
2017-12-17,13675413813.702517,743433959.0380548,7332,10027942707.508415,0.386775,628142976.0,1266.035793,15271,1541759.577464635,0.17107,7232
2017-12-18,9845477473.717731,1613953631.9736767,7110,13273078564.498436,0.511939,253463008.0,1215.359591,14287,1643509.7306902683,0.17107,6991
2017-12-19,15207973216.961128,2648839113.2479467,10754,13489025134.72796,0.520268,279631008.0,1846.094336,21375,1065649.0454058438,0.17107,10644
2017-12-20,9280441500.654875,2054951057.9101899,8367,13837407181.352388,0.533705,182924000.0,1428.018715,16847,1036164.1605030994,0.17107,8254
2017-12-21,8988864244.991495,2766406781.2697067,7759,12705534990.431358,0.490049,162926000.0,1324.952454,15587,920576.0745783176,0.17107,7656
2017-12-22,5681960311.429239,1562129664.431573,6840,12418392684.401278,0.478974,150972992.0,1167.895349,13907,887417.1774397407,0.17107,6738
2017-12-23,3934633549.129026,1178907594.7628336,6153,10744696572.721779,0.41442,88865000.0,1049.697771,12414,724533.2425399096,0.17107,6065
2017-12-24,2977420201.1308646,1068962166.531201,4770,10802799137.577194,0.416661,67372304.0,812.142518,9785,688392.1345988094,0.17107,4702
2017-12-25,2304227314.4204187,913744679.1186228,4218,10171967583.784103,0.39233,122194000.0,719.860952,8669,586197.0795697698,0.17107,4156
2017-12-26,2639990337.588455,927850173.9610317,4295,10722736343.550335,0.413573,94896000.0,732.098409,8862,549672.4321208638,0.17107,4228
2017-12-27,2730782838.083493,1100406246.2429216,4916,11073633316.1223,0.427107,82067504.0,840.267464,10132,512908.0509281036,0.17107,4837
2017-12-28,2513310742.8994474,1044573401.3632835,4882,10682471602.649244,0.41202,82263800.0,832.866012,10055,449142.66112266935,0.17107,4816
2017-12-29,3268899000.845369,1296797373.6971297,5706,10641947592.054045,0.410457,266403007.99999997,975.33992,11590,410436.2970533717,0.17107,5618
2017-12-30,2930330853.672551,1085793826.247877,5253,13697686198.417868,0.528316,645155968.0,902.028763,11357,478061.39789349824,0.17107,5167
2017-12-31,5514803463.89536,677209905.4230323,3166,16660242913.516155,0.642581,305947008.0,541.155233,6930,558116.2164583447,0.17107,3095
2018-01-01,3381306310.9803896,1087988290.4526858,2957,18637596875.02232,0.718847,150186000.0,505.895755,6335,602903.5967449383,0.17107,2899
2018-01-02,2102776258.5173037,778487975.553385,3270,18788725769.082893,0.724676,289712000.0,559.289502,7085,584655.5117780281,0.17107,3225
2018-01-03,1802784249.4270973,906805924.9878019,3345,20208480351.63735,0.779681,657398016.0,572.844965,7654,607202.6300464686,0.17107,3268
2018-01-04,6669245902.769763,5264646328.187033,3366,28365401741.00901,1.09,593430016.0,575.218109,8003,229381.10585353003,0.17107,3255
2018-01-05,7979340484.09791,5230715559.272588,2499,30334672529.58555,1.17,508100000.0,429.038026,6204,42275.39068584,0.17107,2394
2018-01-06,6957160120.61227,749006550.6247272,3015,25777764593.680584,0.997,297615008.0,516.193856,7036,746543.377870664,0.17107,2918
2018-01-07,9212376977.57362,2078621048.617876,4210,26406859962.950493,1.02,226067008.0,718.077671,9521,1529316.1104714002,0.17107,4093
2018-01-08,2944338563.1301713,1384129219.50924,2747,25909673473.8879,0.999329,264460992.0,468.601695,6481,740134.0330004164,0.17107,2663
2018-01-09,8112034890.378492,3319781781.698772,6445,23287305850.7968,0.898185,209492000.0,1105.937569,13383,1290722.4951679236,0.17107,6336
2018-01-10,6488053607.891881,1895641844.213656,4444,21153170893.80519,0.815872,236472000.0,762.284692,9549,1140596.9195770803,0.17107,4345
2018-01-11,3801164708.5688043,1807330326.3975813,3544,20521846726.142376,0.791522,229000991.99999997,607.786058,7605,1078152.3282354872,0.17107,3467
2018-01-12,3368343118.18798,1907721199.9023306,3769,18039251940.828667,0.695769,365795008.0,646.064994,7712,921296.3342436489,0.17107,3704
2018-01-13,5437433115.026888,2321059697.0543447,6444,23785753781.91511,0.91741,313215008.0,1104.420143,13505,659983.0214670866,0.17107,6383
2018-01-14,4310328241.899321,1999277139.6148791,5608,22866665058.81234,0.881961,160712000.0,960.472907,11782,594604.5826426279,0.17107,5554
2018-01-15,4340492437.233525,2236369469.5460215,5315,20631751578.42028,0.795761,972993024.0,911.286102,10950,511847.55749833037,0.17107,5229
2018-01-16,4844124532.524172,1774212690.362757,5613,20239215730.98832,0.780621,1632649984.0,962.698826,11752,458432.80379113485,0.17107,5528
2018-01-17,2506285924.4147787,1155434906.8988225,4487,16181681045.788105,0.624123,1713769984.0,769.401425,9658,340464.5260755139,0.17107,4418
2018-01-18,4505299017.542065,1154124060.1993499,5082,16367629995.281418,0.631295,1285490048.0,871.2281,10405,323547.9935695276,0.17107,5035
2018-01-19,2011384758.0820968,956895138.8120648,4041,16840773105.706497,0.649544,584574016.0,689.866607,8581,307005.32866808906,0.17107,3973
2018-01-20,2202778350.278636,1185683986.228095,4805,17022781140.395563,0.656564,738798976.0000001,823.086658,10017,288772.54014585994,0.17107,4758
2018-01-21,1896443151.5181098,1222437236.1455069,3529,18314649284.072315,0.706391,847731008.0,605.182882,7601,291831.985056856,0.17107,3469
2018-01-22,4492163801.323011,2138048438.9890885,3663,15944707620.70707,0.614983,522984000.0,626.861928,7698,247084.9494624753,0.17107,3614
2018-01-23,2490284377.547981,602289752.5487988,2913,14688644761.556282,0.566537,375958016.0,505.942525,7650,396525.42513268074,0.17107,4662
2018-01-24,1844063798.0004575,855999832.5481492,2841,14606507801.643734,0.563369,689838016.0,493.5483,7863,605896.7659373909,0.171246,4774
2018-01-25,3054464694.392553,490300309.1211769,2486,16316864791.546162,0.629337,654814016.0,431.411187,6704,736413.1481168659,0.17107,4076
2018-01-26,1701803084.0100796,647023536.724148,2489,16435247795.12828,0.633903,810062016.0,434.499444,6947,676030.0365129983,0.171246,4390
2018-01-27,1340985910.4786382,883752839.6137259,2643,16164932157.652683,0.623477,331308992.0,460.902618,7484,652192.651343412,0.171246,4501
2018-01-28,1839378464.2631712,758266923.3002808,2841,16089302893.40025,0.62056,325145984.0,493.787165,7656,637024.1558236064,0.171246,4540
2018-01-29,2288714721.22851,836870260.1684391,2845,17354880987.70124,0.669373,238317999.99999997,493.978388,7485,679204.3671535958,0.171246,4386
2018-01-30,1647707242.8273392,923042564.2832041,2655,16199207744.97884,0.624799,359622016.0,461.201947,7437,624798.893115635,0.171246,4150
2018-01-31,1419169132.9450915,930506636.4068414,2597,13679070561.259214,0.527598,505904000.0,451.201418,7246,526242.6978650986,0.171246,4100
2018-02-01,1398187923.1151032,725762726.8821397,2649,13376086815.523573,0.515912,595623999.9999999,461.263202,7395,512228.5797548227,0.171246,4121
2018-02-02,1671994527.0307558,819768818.7725911,3833,10875369008.420164,0.41946,1438809984.0,668.419952,9764,411346.41095764615,0.171246,5695
2018-02-03,851286257.902416,622874782.1340098,2863,10395847838.62207,0.400965,1404499968.0,498.362836,7659,384538.22790139716,0.171246,4570
2018-02-04,3034118489.045129,246243727.2855168,1931,11248848458.654795,0.433865,814753984.0,337.506763,5478,182072.67117275225,0.171246,3184
2018-02-05,1222448970.7245302,256355494.29719156,2196,9983062948.121231,0.385044,658547968.0,384.825949,6138,138494.01756142656,0.171246,3549
2018-02-06,35679500865.011604,1114990370.4197006,3261,8587279106.1455,0.331209,1338390016.0,1074.824042,45042,313306.48495495215,0.171246,4941
2018-02-07,39216577043.418564,998622538.0258837,2570,9522157414.79367,0.367267,679744000.0,451.946121,6042,356003.61450917786,0.171246,3802
2018-02-08,1115780825.417077,476445532.79232657,1064,8930942426.069996,0.344464,346383008.0,183.243693,2429,322332.637523281,0.17107,1048
2018-02-09,23911113751.400562,1214554353.1193736,2089,9148314985.35272,0.352848,401271008.00000006,366.265692,5062,328413.0924618786,0.171246,2878
2018-02-10,58147698258.39172,794577761.9662101,2825,10025246291.618744,0.386671,951824000.0000001,500.431586,7637,357314.16939875006,0.171246,5318
2018-02-11,38016580748.61396,635439302.5322213,2204,10503159983.482618,0.405104,331944000.0,388.565029,5819,371461.21647809836,0.171246,3643
2018-02-12,31997879557.61362,1008126672.5669183,2958,9660296847.28889,0.372595,243039008.0,519.106738,7199,338186.45386091183,0.171246,4217
2018-02-13,28343738946.20687,729816912.3781296,2461,9941372218.990438,0.383436,225695007.99999997,432.801133,5946,346795.8146313039,0.171246,3586
2018-02-14,24289004367.623295,1121743034.1141768,2289,9690657446.61523,0.373766,299008992.0,403.669105,5376,337339.4289685004,0.171246,3270
2018-02-15,26064092406.62544,1111107478.5475426,2276,10232662856.303013,0.394671,348342016.0,399.649227,5498,353504.6348939813,0.171246,3281
2018-02-16,24522385062.119637,863674974.8478655,2405,10633780564.647404,0.410142,192420000.0,421.525819,5516,363500.49003936886,0.171246,3293
2018-02-17,24924352391.903286,1444090478.5523214,2939,10433130965.983564,0.402403,341415008.0,517.500992,6376,349828.8890223464,0.171246,3868
2018-02-18,27890031701.712612,994571957.9429173,2193,10846719595.226065,0.418355,251314000.0,385.62001,5165,360956.3505468608,0.171246,3024
2018-02-19,28841449091.891857,1854675897.0113423,1975,10031961403.612366,0.38693,169966000.0,348.599566,4804,3289373.451216095,0.171246,2841
2018-02-20,27881199699.56109,1521454464.8434765,2174,10135980809.943642,0.390942,281249984.0,381.622781,4985,961287.3901153087,0.171246,3125
2018-02-21,23193420984.237896,1452536397.640106,2079,9738026204.641636,0.375593,242378000.0,365.519263,4608,873719.4770763306,0.171246,2891
2018-02-22,19942982985.65242,1298660699.626575,1686,9402478057.950373,0.362651,208342000.00000003,295.943827,3987,2058876.1718643985,0.171246,2527
2018-02-23,14762612663.032175,1129124706.4074028,1924,8679294279.345184,0.334758,222508992.0,337.654695,4125,434549.71247575455,0.171246,2610
2018-02-24,13342030385.612997,909130840.5876737,1606,8910304477.253593,0.343668,133524000.0,280.832261,3738,341772.4478188405,0.171246,2221
2018-02-25,11854602228.443102,1309458910.2728922,2605,8352457627.583447,0.322152,247808000.0,457.527573,5400,274799.6856006002,0.171246,3279
2018-02-26,10248445703.244755,821165143.9311991,2699,8951891498.312384,0.345272,201812992.0,475.238518,5921,291786.66892038163,0.17107,3589
2018-02-27,15390949495.458046,1207811440.6809897,2295,8792699285.654236,0.339132,106757000.0,404.80439,5358,285006.08393098915,0.171246,3081
2018-02-28,45496098160.61879,1178586958.834575,3614,8672242116.146202,0.334486,114757000.0,634.44936,7728,453621.522523027,0.171246,4482
2018-03-01,31062848576.486897,1012238254.0376222,3491,8088545977.40695,0.311973,184691008.0,612.930118,7501,259688.92221175117,0.171246,4503
2018-03-02,21625794843.040012,811577232.2179204,3677,7892822521.26807,0.304424,107240000.0,649.4141,7745,250537.43517400892,0.171246,4500
2018-03-03,15254554988.502142,677337276.7096267,2767,7595387167.988826,0.292952,115320000.0,487.013465,5896,253904.1387312614,0.171246,3629
2018-03-04,12567910274.423986,1049192635.8987807,2359,7681802094.436627,0.296285,94436000.0,414.216038,5362,241012.17361907096,0.171246,3075
2018-03-05,14585023606.204836,966072463.9517658,3124,7775450673.476544,0.299897,202675008.0,549.912427,6731,241244.42383174435,0.171246,3953
2018-03-06,12129553090.583448,951678265.1038119,2377,7673038745.015528,0.295947,110305000.0,419.843069,5229,277557.03103880695,0.171246,3159
2018-03-07,11573202871.955215,996602202.2570586,2778,7380762878.671713,0.284674,190792992.0,488.722708,6081,318252.4190145668,0.171246,3630
2018-03-08,12785556930.615103,752212466.4156877,3483,6434061824.3656845,0.24816,167808992.0,612.930393,8287,198106.8237989491,0.171246,5149
2018-03-09,10316697929.274378,688922131.2392728,3348,5737297731.0346575,0.221286,246848992.00000003,592.465133,7572,292378.3510420461,0.171246,4892
2018-03-10,6576744257.336499,643861837.5518113,2094,5839191118.26295,0.225216,129138000.00000001,369.281428,5046,177913.00116143568,0.171246,3072
2018-03-11,5321887447.243433,737340349.6516832,2049,5437451160.204257,0.209721,161362000.0,361.525327,4875,164231.4675836617,0.171246,2888
2018-03-12,6248393126.757773,1054687802.0775255,2217,5810360215.945683,0.224104,184250000.0,390.044635,5141,174416.98604749943,0.171246,3076
2018-03-13,4630655111.093291,951977062.880101,1970,5784588707.925264,0.22311,98868704.0,349.610508,4769,172006.83065371163,0.171246,2618
2018-03-14,4423483470.682517,682081555.0490085,2330,5792885370.636343,0.22343,144156000.0,411.064989,5060,170784.93708438455,0.171246,3046
2018-03-15,4443855328.379861,849171133.6749353,2910,5153134905.270961,0.198755,204232992.0,514.457786,6310,150690.91472445597,0.171246,3792
2018-03-16,2952413828.359867,660586004.4109323,2385,4842865651.969007,0.186788,97455296.0,421.808017,5313,116864.09473110149,0.171246,3101
2018-03-17,2553611869.6295137,657709978.6007483,2185,4634982400.45657,0.17877,81096600.0,385.325077,5015,133565.7373331,0.171246,2852
2018-03-18,3394150272.7353873,670725821.2307998,3563,3990979895.1215143,0.153931,189688992.00000003,626.17554,8432,114007.51682561504,0.171246,4858
2018-03-19,2780874401.8147073,530478330.1923725,2932,4167750662.1613274,0.160749,321964000.0,515.207687,6341,118665.87986929888,0.171246,3977
2018-03-20,2381346379.111303,745840869.3790987,2495,5015514014.787833,0.193447,249683008.0,439.420887,5533,140557.5547198001,0.171246,3355
2018-03-21,2266373150.854577,761323513.9280368,2515,5323216487.581043,0.205315,257686000.00000003,444.625359,5484,146396.1339088714,0.171246,3247
2018-03-22,2955565710.2051783,795414238.8781489,2584,5584768774.945671,0.215403,201540000.0,456.02584,5910,152936.72131074523,0.171246,3860
2018-03-23,2234045930.702062,803281634.6985426,2456,5244994515.748334,0.202298,148850000.0,433.716537,5320,142417.75739288115,0.171246,3410
2018-03-24,1792302682.6397276,726139262.4415681,3837,4896171708.81767,0.188844,132660000.0,678.950281,7860,42942.21957917548,0.17107,4626
2018-03-25,2066154449.5517604,521339915.8700506,1810,4884556381.416387,0.188396,59349400.0,318.615507,4084,129826.88178986665,0.171246,2526
2018-03-26,2747660516.1890993,549842513.0239134,2035,4769543896.499767,0.18396,117497000.0,360.948226,4351,516140.3699287039,0.171246,2884
2018-03-27,971898116.3902164,351246234.28617436,1012,4361322170.364883,0.168215,107510000.0,180.769555,2606,161200.20640617932,0.171246,1721
2018-03-28,865433307.5899366,438787742.717877,1196,4023777639.0494447,0.155196,60260800.0,212.483087,2824,45473.07111018617,0.171246,1692
2018-03-29,1914262610.8976111,494268356.25189686,2240,4152038857.4258585,0.160143,103465000.0,394.638053,4736,561593.6252542192,0.171246,3042
2018-03-30,1058593862.7729757,429880062.24490404,2054,3802308602.850763,0.146654,119873999.99999999,361.444463,4228,316961.39769605093,0.171246,2660
2018-03-31,781039131.7976713,345558252.30009156,2107,3814260981.9955554,0.147115,113124000.0,370.472374,3863,128427.97277835758,0.171246,2583
2018-04-01,1890540443.5741117,206362219.25972083,1500,4060101465.170904,0.156597,100833000.0,265.454027,3321,107477.50080238657,0.171246,2083
2018-04-02,1062068415.2493025,294305714.5507234,1504,3932903256.897183,0.151691,102697000.0,264.875586,3363,103601.09012725014,0.171246,2072
2018-04-03,738554306.2863678,411631106.64780533,2390,4092951063.3499684,0.157864,155987008.0,420.616945,4928,105995.27895579938,0.171246,3030
2018-04-04,938479268.6797832,505401842.74467427,1970,4437625539.692179,0.171158,154800992.0,347.61926,4149,114333.47879393674,0.171246,2677
2018-04-05,1332358910.6229336,385405480.1350221,3683,4034044759.0524745,0.155592,113407000.0,651.739925,7046,32957.757271171584,0.171246,4229
2018-04-06,849858344.4374256,323960707.9124927,2562,3847421705.1235642,0.148394,51827500.0,451.678535,5546,98242.76724451371,0.171246,3670
2018-04-07,409759522.4315228,246690031.1257413,1870,3756443615.257269,0.144885,48205399.99999999,328.790197,3947,92878.53923837192,0.171246,2296
2018-04-08,403934419.6557462,260010569.89389142,1976,3858596272.6465373,0.148825,51093100.0,348.515126,4098,63109.22988014207,0.171246,2376
2018-04-09,478202509.5660831,271426116.3544792,1818,4072987219.310988,0.157094,93021904.00000001,321.359673,3923,101578.9367888232,0.171246,2369
2018-04-10,437289593.74588466,261247372.57430783,1893,3973064288.846475,0.15324,55981299.99999999,333.86093,4133,45795.533606895355,0.171246,2374
2018-04-11,474750071.2016284,286608242.26609164,2295,4064353504.273555,0.156761,91793296.0,405.152456,4339,32919.5629816596,0.171246,2690
2018-04-12,786520747.1610774,388093208.7897011,3686,4323520501.319196,0.166757,488007008.0,653.409519,7160,36595.319104140675,0.171246,4422
2018-04-13,1946538502.9550123,378234256.6406513,2546,5486997791.964813,0.211632,230412991.99999997,453.060047,5682,131243.1140148809,0.171246,3481
2018-04-14,1540741820.1167376,254542744.31957638,1712,5151060739.36573,0.198675,113212000.0,302.686489,3693,122632.71946813022,0.171246,2229
2018-04-15,1769445503.3808732,291362827.6491889,2372,5221426808.2063055,0.201389,169798000.0,418.702853,4857,53848.415387443754,0.171246,2956
2018-04-16,2807504980.7962213,417079059.66750604,3256,5752931754.3507595,0.221889,678780992.0,579.744812,7496,84957.76067544508,0.171246,4829
2018-04-17,4148944471.3234286,512593956.8712129,4087,6613736423.744071,0.25509,520975008.0,726.924822,9137,153053.9563617537,0.171246,6257
2018-04-18,1308099880.5353591,350333720.49461675,2406,6293381540.032934,0.242734,181118000.0,427.506276,5473,93436.60327381585,0.171246,3134
2018-04-19,2511750386.032628,362237108.1068538,3350,6935309879.825281,0.267493,240910000.0,595.067737,6612,54674.51492315177,0.171246,4169
2018-04-20,1076881741.6315389,365887044.4790732,3075,7025873136.485835,0.270986,349348992.0,547.517672,6655,43481.07286218472,0.171246,4315
2018-04-21,689336330.1604601,388609795.426379,2265,7837546007.143795,0.302292,294632992.0,402.966162,5349,105848.24989849028,0.171246,3352
2018-04-22,640068082.5692525,324983308.8565621,2128,7453721654.760251,0.287488,160968000.0,378.036854,4965,57553.0106553234,0.171246,2939
2018-04-23,815436367.3134906,333930324.98917377,2275,7403682408.384847,0.285558,127213000.0,403.07784,5244,103140.45321636311,0.171246,3072
2018-04-24,915148645.4018196,469030872.73389775,3503,7480971006.35431,0.288539,369016992.0,624.746263,7520,34917.50848742651,0.171246,4668
2018-04-25,822111830.2690063,466338622.5992466,2672,8110117299.719864,0.312805,351596000.0,475.789051,6070,62604.867461333415,0.171246,3763
2018-04-26,1011166763.5264119,292160488.81495327,2644,7020921066.35546,0.270795,220715008.0,467.079218,5676,96265.50731687006,0.171246,3394
2018-04-27,577446754.8860517,343449719.1590634,2585,7637829782.272558,0.294589,197183008.0,458.924149,5798,58914.75334524337,0.171246,3441
2018-04-28,1164836862.737773,353101593.23750687,3852,7444439763.803628,0.28713,636742016.0,689.12694,8187,18022.28548323306,0.171246,5587
2018-04-29,1819448789.8870897,382039453.75623125,3595,9351116530.554487,0.36067,671886976.0,643.835949,7963,36062.90926210515,0.171246,5211
2018-04-30,2681996974.456887,371519396.77496845,2773,9445154015.818834,0.364297,298712000.0,492.95064,6129,113089.97530623105,0.171246,4057
2018-05-01,1357655982.2739806,349593301.622674,2808,8891766621.753244,0.342953,365521984.0,499.104297,5958,50455.23248674472,0.171246,3825
2018-05-02,1052501587.2932166,374459489.3648453,2901,9271572278.758444,0.357602,272855008.0,514.22308,6299,119931.76849963142,0.171246,3934
2018-05-03,1029777039.1591855,309302500.204216,2358,9642951637.385542,0.371926,300814016.0,421.417145,5646,37192.53640734867,0.171246,3387
2018-05-04,830467879.0036942,295109669.32058865,2236,9613161433.36429,0.370777,171266000.0,397.59699,5322,191610.4900245166,0.171246,3252
2018-05-05,1540181565.7372923,350144174.6073514,2221,9367917272.895811,0.361318,139447008.0,392.268628,4963,99614.9205051883,0.171246,2951
2018-05-06,1161382712.8888757,187008902.5680449,1628,9487570703.410599,0.365933,148186000.0,288.427224,3775,140318.01764128674,0.171246,2249
2018-05-07,2947171881.1902776,256231493.51571524,1971,9073126481.002996,0.349948,171384992.0,356.782759,4781,77885.59424703683,0.171246,2617
2018-05-08,2271158709.2539797,291724431.5725358,2262,8700995236.900263,0.335595,142455008.0,401.571704,5058,94306.17823175699,0.171246,3077
2018-05-09,1105607206.8183005,504334843.0648312,2217,8515124068.916081,0.328426,178122000.0,391.929437,4670,75059.09894281847,0.171246,2781
2018-05-10,550338942.3979614,266625359.93108988,2144,8397233678.707258,0.323879,122958000.0,379.021828,4808,111026.22209879204,0.171246,2800
2018-05-11,581317646.9837259,307454734.61432016,2693,7695076754.651251,0.296797,348752000.00000006,477.600684,5786,120043.79540827629,0.171246,3669
2018-05-12,1242726717.4637804,156222224.80926844,2040,6809719149.733789,0.262649,255480992.0,360.749129,4396,74072.60801618714,0.171246,2688
2018-05-13,826577484.8764607,158481903.53171456,1822,7042829440.838924,0.27164,179522000.0,322.548538,4142,77876.59177516584,0.171246,2397
2018-05-14,1045632020.2106402,196789435.91794914,1957,7411304966.918744,0.285852,161643008.0,344.873239,4371,43200.24064465897,0.171246,2431
2018-05-15,701693961.7985557,175924497.47249573,1879,7110991709.583455,0.274269,97408800.0,332.884993,4342,61411.6797192398,0.171246,2607
2018-05-16,387247690.41031665,140648199.03032416,1569,6717237288.944468,0.259082,108749000.0,277.375729,3683,57388.65806456814,0.171246,2193
2018-05-17,423279850.94167584,175262283.82100683,1655,6672383457.548231,0.257352,83683800.0,292.941887,3810,64435.84098126113,0.171246,2253
2018-05-18,284719378.3818873,145908642.46046546,1720,6295507559.574366,0.242816,79212200.0,304.584066,4001,51536.50392289325,0.171246,2345
2018-05-19,180414074.5318619,125803605.01682197,1361,6383218839.537072,0.246199,57778000.0,239.71478,3134,56469.411549472505,0.171246,1790
2018-05-20,334058872.32233185,151492272.36574697,1725,6303985711.516058,0.243143,101310000.0,308.142522,3746,48690.54511612347,0.171246,2318
2018-05-21,336051971.81516886,176740282.49777013,1615,6640700577.231514,0.25613,85090304.0,286.479748,3559,45981.27486447048,0.171246,2197
2018-05-22,263117186.3294745,132440904.16132586,1621,6466133610.641622,0.249397,78363296.0,287.836746,3816,48632.4440472686,0.171246,2256
2018-05-23,402011340.0949193,146978343.73342988,2135,5817853138.95064,0.224393,124267999.99999999,378.31317,4864,72544.08510068106,0.171246,3131
2018-05-24,346587152.77469164,129273518.58455345,1957,5271595690.393179,0.203324,127678000.0,346.39657,4224,55894.55003406001,0.171246,2908
2018-05-25,334005199.4390249,96923774.44092953,2509,5420313366.880167,0.20906,83368000.0,438.484732,4491,14019.700304334001,0.17107,3179
2018-05-26,243206146.89435196,84054807.14528552,1374,5179217537.291173,0.199761,60616400.0,242.227355,3110,68269.24101716143,0.171246,1857
2018-05-27,283839937.0861162,88420915.31740962,1541,5090884008.292999,0.196354,58991000.0,271.776996,3578,23346.164184252066,0.17107,2140
2018-05-28,294040744.0732978,120611140.54327837,2026,5021969855.102156,0.193696,95106200.0,357.224125,4345,44111.615589362205,0.171246,2689
2018-05-29,328689366.4929954,106378513.72367273,2409,4549552702.986982,0.175475,185184000.0,428.945743,5284,35395.84994692197,0.171246,3341
2018-05-30,251491787.51198366,128406928.5017449,2109,5280955362.913642,0.203685,222612000.0,373.264661,4699,31057.32510135513,0.171246,3163
2018-05-31,480740986.1799202,309155411.03760195,2459,5454874151.565853,0.210393,202076000.0,440.339412,5437,32288.374995564314,0.171246,3360
2018-06-01,420984542.2446828,169313903.35055178,1841,5821482928.908178,0.224533,130537999.99999999,324.428248,3846,13341.376305276051,0.17107,2516
2018-06-02,464255669.28348255,144114699.49744326,1587,5773984535.428239,0.222701,116435000.0,279.189809,3461,32850.28139768712,0.171246,2168
2018-06-03,360149731.00777894,138437292.35113993,1853,5903593961.974807,0.2277,117208000.0,326.765688,4022,23391.1543024368,0.171246,2503
2018-06-04,361898991.91846037,121011267.43898004,1846,5915390778.6203575,0.228155,115605000.0,328.994612,3884,21629.417870015215,0.171246,2417
2018-06-05,308191242.6203037,117452637.94044212,1652,5554797081.262139,0.214247,119846000.00000001,291.371946,3682,21423.94725816279,0.171246,2264
2018-06-06,243915928.46479127,142981509.5460038,1572,5718604313.696673,0.220565,84766304.0,278.50967,3802,21992.93650811862,0.171246,2085
2018-06-07,268574064.1364179,98712009.96133687,1526,5602969578.704545,0.216105,76949400.0,269.038094,3286,30335.433590098786,0.171246,1976
2018-06-08,138288982.4562973,79987325.36451598,998,5466230209.066664,0.210831,68728600.0,174.581022,2320,56309.069107847004,0.171246,1198
2018-06-09,113524624.54190165,71773067.81742789,809,5321790498.533433,0.20526,51481400.0,141.294532,2124,75136.22594674151,0.171246,1007
2018-06-10,344459821.15771675,187634468.38854533,1347,5224745473.703011,0.201517,137836000.0,236.030226,3497,90922.22210929041,0.171246,2025
2018-06-11,503604227.3945407,112848089.57518566,1405,4569957307.043877,0.176262,89350704.0,257.601958,4504,79317.86984685967,0.171246,2083
2018-06-12,376920442.9559722,118970411.56863408,1593,4701822388.39036,0.181348,82885904.0,283.965219,3911,66126.21407315627,0.171246,2130
2018-06-13,291463393.4286904,96600589.32262908,1620,4307419791.046681,0.166136,99731599.99999999,284.646707,3515,63603.8771741731,0.171246,2229
2018-06-14,16145806810.17149,495554383.49022466,2931,4154813053.7258887,0.16025,199562000.0,520.704644,7256,129001.20601538125,0.171246,3635
2018-06-15,3262095102.0888405,496484191.4392009,1388,4465108234.07425,0.172218,73950496.0,256.604571,3572,81308.52351256412,0.171246,1692
2018-06-16,8531444240.853968,255198668.13799652,1130,4219397386.4111204,0.162741,42213400.0,197.948415,2528,58804.79884551639,0.171246,1408
2018-06-17,8875408193.29197,146119211.96147084,1041,4229664505.930667,0.163137,35748800.0,182.180846,2312,56620.26577925492,0.171246,1194
2018-06-18,6486575078.722376,198479888.8084177,1128,4177421458.747539,0.161122,55507800.0,203.135042,2818,51853.5356804953,0.171246,1330
2018-06-19,12913460475.137817,162194631.68129566,1395,4270240371.8525944,0.164702,69854400.0,254.703605,3954,67787.73982378579,0.171246,1702
2018-06-20,8657270256.51929,308713694.8326005,1356,4324142751.297349,0.166781,83625600.0,237.136429,2749,66712.41135511761,0.171246,1659
2018-06-21,11213024478.974554,118590145.91530961,1303,4201507707.525392,0.162051,41237700.0,228.910986,2896,46300.0819328382,0.171246,1639
2018-06-22,10925246871.655617,201985992.46352062,1386,4108403597.4929743,0.15846,79062000.0,244.538466,3060,53638.22130476465,0.171246,1960
2018-06-23,10402380673.392632,151701901.19071987,1230,3638449516.947907,0.140334,38721800.0,215.692269,2739,56120.22021907706,0.171246,1597
2018-06-24,11299206185.06279,162671599.64019924,1456,3587139844.6976337,0.138355,73037504.0,257.771074,3438,43556.246096047216,0.171246,2033
2018-06-25,12191667963.734282,147646390.7854507,1642,3430695901.045361,0.132321,57752100.0,287.838514,3705,52442.40340910706,0.171246,2186
2018-06-26,8765003909.283922,88150392.24549153,926,3516307087.821188,0.135623,32927500.000000004,162.680764,2131,59933.36018095351,0.171246,1159
2018-06-27,9274808072.08801,211676117.0718585,1297,3281096704.0070777,0.126551,37072400.0,250.328231,4750,67623.62854947493,0.171246,1621
2018-06-28,8267421002.087577,121238774.46433204,1347,3302927297.480733,0.127393,42250100.0,236.537181,2830,66549.06742140425,0.171246,1632
2018-06-29,9283712019.574034,88933546.41680472,1620,3095614440.990105,0.119397,65802200.0,285.236079,3376,61250.25000627374,0.171246,2052
2018-06-30,7569799603.797318,69502322.62166142,1613,3267744262.293497,0.126036,104599000.0,283.43271,3261,29474.984241639148,0.171246,1975
2018-07-01,7710710153.328794,70175815.4894494,1554,3584780480.800011,0.138264,108733000.0,274.435753,3266,35503.14650265054,0.171246,1843
2018-07-02,10384318830.58644,173725360.5551512,1981,3696966915.432094,0.142591,161860000.0,349.687054,3959,37611.772789579016,0.171246,2521
2018-07-03,9771303862.95981,297771862.87247217,1503,4110011075.9275427,0.158522,108280000.0,264.057977,3287,60759.87027559139,0.171246,2031
2018-07-04,7225957431.588035,285001899.1799754,1395,3894245994.3932166,0.1502,86594896.00000001,246.423366,3104,35950.0111298436,0.171246,1816
2018-07-05,6432614779.58458,178249615.36962125,1356,3930466112.7670646,0.151597,73881296.0,240.781808,3074,31849.301291544758,0.171246,1826
2018-07-06,5096595992.745405,143237721.88240868,1153,3856625814.975137,0.148749,69138800.0,203.920755,2643,66135.09514188941,0.171246,1511
2018-07-07,4131508611.283093,128512358.66825558,962,3792015555.665884,0.146257,47965500.0,168.882984,2090,52007.99464954798,0.171246,1183
2018-07-08,4906472008.071492,132365633.65891887,1200,3887842007.9213285,0.149953,48142400.0,211.437279,2483,24630.803893282908,0.171246,1373
2018-07-09,4785735918.812065,236738344.06296986,1158,3768370067.060676,0.145345,42768500.0,202.939427,2466,40315.92757123837,0.171246,1341
2018-07-10,5063530311.161599,150992134.97731483,1170,3622763639.4970264,0.139729,62318799.99999999,205.524506,2505,36713.8331162299,0.171246,1479
2018-07-11,3890306373.5349264,119744225.27190885,1202,3339432612.8078613,0.128801,50179700.0,210.198489,2519,28506.908976513885,0.171246,1433
2018-07-12,4259464506.036449,90208095.75650737,1168,3410965399.8826876,0.13156,37623900.0,205.485904,2411,27289.206231312743,0.171246,1350
2018-07-13,5474997634.959645,80354757.98505357,1386,3300490152.1646347,0.127299,92778496.0,245.015643,2781,28242.02423742277,0.171246,1775
2018-07-14,4520748013.105059,238827798.20948306,1199,3587399114.793059,0.138365,55022100.0,210.438873,2523,37061.51308520303,0.171246,1542
2018-07-15,4092822386.2498446,211056998.22483537,1029,3552760548.87012,0.137029,50143900.0,180.988343,2298,37032.192379059896,0.171246,1292
2018-07-16,6116539296.528625,195576913.05104727,1601,3688825814.7058372,0.142277,90578096.0,281.404459,3205,20840.238810365103,0.171246,1971
2018-07-17,7053011389.287716,221814473.69606385,1755,4016492131.9632754,0.154915,133440999.99999999,314.479817,4051,27524.702923907156,0.171246,2212
2018-07-18,7716161461.611507,207901556.74402517,2243,4415354185.583745,0.170299,323366016.0,400.82872,4713,22454.093493618337,0.171246,3075
2018-07-19,2492275418.1979427,342580062.5857912,1509,4640582647.178378,0.178986,216980992.0,267.78309,3460,23089.16339661575,0.171246,2011
2018-07-20,5887756945.332778,320850282.8615666,1938,4664098500.846893,0.179893,215667008.0,341.137997,3682,68250.09802463053,0.171246,2538
2018-07-21,4384503168.47251,285822623.4569264,1483,4200029865.102318,0.161994,125996000.0,259.206499,2697,51934.807522298484,0.171246,1732
2018-07-22,3484863023.085465,215709154.21894327,1573,4248772757.345149,0.163874,139332992.0,276.292942,3062,23502.832232938086,0.171246,1865
2018-07-23,3266780690.9830394,238019171.6647608,2265,4395312559.810984,0.169526,147071008.0,399.012751,4144,30422.083057239066,0.171246,2712
2018-07-24,3165182320.2939405,223634023.7992973,1993,4271121891.9514937,0.164736,191390000.0,356.762248,4139,42933.430660843005,0.171246,2425
2018-07-25,2377040138.2389913,201239404.7811159,1876,4468789877.830616,0.17236,123649000.0,330.611046,3569,39519.05615323312,0.171246,2190
2018-07-26,1734595989.2087307,240290338.1901439,1580,4470241793.67725,0.172416,84282200.0,277.468714,3031,76810.71301005926,0.171246,1840
2018-07-27,1043441412.5611902,160524068.5836706,1268,4263706750.112662,0.16445,103693000.00000001,226.348262,2789,50865.689032833674,0.171246,1567
2018-07-28,877754776.3388461,147773796.37613425,907,4309805081.900967,0.166228,51592200.0,161.54782,2383,66217.28481646381,0.171246,1189
2018-07-29,853739190.5387379,165674667.96220225,951,4256265680.958484,0.164163,47319500.0,166.94181,2252,186491.72355825358,0.171246,1188
2018-07-30,512414255.4138293,158067925.0591627,937,4232179432.21175,0.163234,69612600.0,166.012038,2209,40805.25498463674,0.171246,1249
2018-07-31,911097169.017102,176603772.3951903,1241,3994505976.702995,0.154067,93183800.0,220.390264,2898,60581.25046030052,0.171246,1765
2018-08-01,1082030830.2694528,165981037.3422291,1144,3709800815.1274724,0.143086,79987900.0,200.277117,2506,88599.81107354363,0.171246,1530
2018-08-02,784374575.8100392,171991256.26663882,1223,3663909900.3041053,0.141316,68531400.0,216.03565,2883,54592.66820388836,0.171246,1768
2018-08-03,871186814.8484623,107422782.31400496,1219,3407231901.895267,0.131416,77768900.0,212.54969,2738,49816.99294961044,0.171246,1620
2018-08-04,507496546.054522,158153826.69596723,1007,3390508941.4167795,0.130771,54577300.0,177.672706,2252,48835.439567600886,0.171246,1274
2018-08-05,333270141.0077189,145781779.04957604,756,3300308662.598492,0.127292,43901500.0,132.955684,1664,31858.639957672567,0.171246,920
2018-08-06,360107688.1247707,134384562.15750298,937,3394346147.817055,0.130919,57534800.0,164.448941,2148,15922.68352393893,0.171246,1145
2018-08-07,263773855.02089348,57022820.62813199,637,3394449856.1370425,0.130923,57321700.0,112.899884,1440,12779.76566540934,0.171246,692
2018-08-08,330576208.12911624,63310316.178326674,935,3256284497.327801,0.125594,82209700.0,168.454377,2441,25118.778525686692,0.171246,1517
2018-08-09,443551115.4885487,65915399.27064893,1307,2968831066.153392,0.114507,93016600.0,232.979101,3110,13740.820391134277,0.171246,1760
2018-08-10,322659829.649481,141214160.8768544,1176,3217316109.6521163,0.124091,71125700.0,208.344849,2474,19643.771493959484,0.171246,1510
2018-08-11,2247788510.775226,212471054.57727838,1366,3019051801.4967766,0.116444,65816399.99999999,241.698203,2965,40204.512988075985,0.171246,1823
2018-08-12,2091873751.3235366,61185132.259469844,1009,2916717654.634177,0.112497,35031500.0,176.838059,2236,38331.77017629059,0.171246,1238
2018-08-13,2330095991.8914113,126850633.82421146,1326,2934503624.6303277,0.113183,56974900.0,234.865256,2810,37971.81948407417,0.171246,1770
2018-08-14,2847131343.90045,110966770.51117103,2078,2664749937.5923495,0.102779,111693000.0,369.165319,4376,33625.313850028106,0.171246,2924
2018-08-15,1956046017.1097398,88135355.57929383,1739,2475760458.6678767,0.095489,91346700.0,307.920352,3817,21095.18676987594,0.171246,2331
2018-08-16,1313856076.6863332,78709742.35227342,1255,2463971394.2726398,0.095035,50188900.0,221.427368,2507,26555.017849925665,0.171246,1576
2018-08-17,1327689770.0963287,161347073.5048167,1527,2480753963.0347543,0.095682,103569000.0,269.612322,2979,26581.256437782362,0.171246,1883
2018-08-18,767416315.703049,96006954.96752138,1361,2848025188.1583223,0.109847,101454000.0,243.85841,3122,34961.31045571532,0.171246,1738
2018-08-19,539498760.6156025,43993899.50575231,1004,2586069724.033308,0.099744,51106900.0,176.571576,2182,31275.711494305633,0.171246,1194
2018-08-20,498829707.1215557,50308869.63898695,1136,2650850164.2576365,0.102243,53939600.0,200.204739,2458,26428.964463314922,0.171246,1443
2018-08-21,355496502.6184441,46972734.52158923,1234,2415401987.9933577,0.093161,49545100.0,217.912002,2657,19997.14852020192,0.171246,1616
2018-08-22,1251396814.4969728,137380570.96290627,1217,2463481069.382378,0.095016,64566000.00000001,251.935262,4722,25240.775093690067,0.171246,1935
2018-08-23,1216310709.4326143,144930849.12615094,1275,2338756457.343623,0.090205,37397400.0,226.729044,2766,58633.23586469609,0.171246,1678
2018-08-24,723626948.3716443,159963736.35969514,1130,2407232467.392434,0.092846,35302400.0,199.924283,2405,86171.4470032347,0.171246,1356
2018-08-25,338758047.44510895,91737770.9712254,991,2445057573.88738,0.094305,30674699.999999996,176.494551,2122,19499.76919205484,0.171246,1244
2018-08-26,295702452.32117635,62552358.058588825,975,2443929668.179991,0.094262,26907399.999999996,172.089641,2094,30926.780510894714,0.171246,1199
2018-08-27,573630176.2380147,179646655.63304046,1535,2415832578.1975584,0.093178,55515600.0,272.532834,3038,37451.59625750272,0.171246,1782
2018-08-28,325802979.20348936,135541298.67603043,1644,2607355848.3219566,0.100565,79059500.0,293.403522,3372,43219.285416592196,0.171246,2114
2018-08-29,490011452.481649,355902704.4165314,1654,2738183847.0169716,0.105611,83582300.0,488.489323,5677,28522.78276778521,0.171246,2052
2018-08-30,201162647.478946,70451418.08463691,1332,2727657455.6350937,0.105205,64807500.0,239.489313,2724,22714.548786309824,0.171246,1708
2018-08-31,336342547.3250301,44472722.10213124,1299,2616093271.720048,0.100902,42250400.0,230.775558,2572,30698.578971758518,0.171246,1620
2018-09-01,170096504.18638405,81415117.09029208,1427,2641372164.8537164,0.101877,70208900.0,253.283539,2780,38370.734970425496,0.171246,1756
2018-09-02,101546606.18017283,50090730.56488314,1166,2771681621.2893558,0.106903,58391900.0,207.657124,2361,29822.670698352555,0.171246,1457
2018-09-03,156931204.29237655,59632112.07508631,1148,2713267931.568813,0.10465,53687200.0,203.215843,2471,29407.092439322325,0.171246,1381
2018-09-04,437490398.5278047,54379655.68521531,1257,2683036967.3749113,0.103484,54317400.0,221.95193,2605,38410.2652615875,0.171246,1616
2018-09-05,157589953.17372677,70527758.54188761,1658,2729277401.4084554,0.105267,98708900.0,300.311392,3425,21053.170602153597,0.171246,2449
2018-09-06,164357374.45500246,57974367.02839015,1582,2269264289.8754883,0.087525,73239200.0,286.507262,3305,17504.80926552,0.171246,2204
2018-09-07,102252914.31761873,50981595.695279375,1318,2295090211.10183,0.088521,41868100.0,236.143608,2737,15028.975072702278,0.171246,1745
2018-09-08,79629738.6512893,43085137.87320361,1220,2180976809.9980826,0.08412,35208700.0,218.075209,2568,15674.5685018649,0.171246,1586
2018-09-09,76197445.65206757,37483820.85809198,1290,2033797193.962671,0.078443,47870100.00000001,229.759231,2780,25037.472389911767,0.171246,1621
2018-09-10,164435792.1770303,79771662.06454065,1391,2003563503.9004734,0.077277,44682000.0,248.210997,3037,32021.230817070078,0.171246,1901
2018-09-11,161541704.28838354,50558390.68334735,1487,1923272820.5187693,0.07418,47614500.0,265.784927,3400,33700.936314886,0.171246,2053
2018-09-12,473090773.4194162,98896473.87517346,1903,1835470031.4613528,0.070794,91272400.0,341.823732,4000,53099.0482507117,0.171246,2854
2018-09-13,189678423.11793205,72220776.06308278,1545,1738480391.4188948,0.067053,86011700.0,274.894609,3166,28562.159476540848,0.171246,2115
2018-09-14,148840186.53619462,44816148.03077539,1343,1817337407.4570682,0.070094,62256800.0,237.888493,2793,30199.604656826657,0.171246,1778
2018-09-15,96367933.67049792,30513691.39550136,1111,1761168965.9522808,0.067928,34842300.0,196.918229,2297,35244.83227191288,0.171246,1398
2018-09-16,97045889.70131488,62024558.04249279,1144,1792947523.026343,0.069153,32643600.0,202.109274,2335,21449.835771657155,0.171246,1458
2018-09-17,99112216.56237759,40205110.08310189,1262,1811109585.0251179,0.069854,48609600.00000001,224.766012,2715,19791.995320963746,0.171246,1600
2018-09-18,321395585.79825574,42494913.640633814,1434,1648141514.9172401,0.063568,67159000.0,255.228261,3062,30348.055108534074,0.171246,1906
2018-09-19,149569787.52847144,44052914.54153797,1533,1792729770.0783691,0.069145,96071300.0,271.276423,2964,26518.944792313967,0.171246,1883
2018-09-20,111413705.59802023,57058053.16223234,1577,1878140281.1538417,0.072439,103788000.00000001,294.376623,3809,15225.137933897498,0.171246,2068
2018-09-21,91173766.61981644,48732607.1662194,1934,2120256713.373673,0.081778,212274000.0,349.199022,4187,16392.386499909713,0.171246,2689
2018-09-22,107948760.58569224,46812683.79141351,1374,2272753344.0380797,0.08766,82526800.0,243.839127,3002,36083.07367190109,0.171246,1846
2018-09-23,156576131.67709628,45436424.78031629,1669,2164611324.1572766,0.083488,149996000.0,299.940324,3544,32014.656081035686,0.171246,2234
2018-09-24,183132858.55967212,76482378.5530623,1357,2325776620.162409,0.089705,89522100.0,240.70539,2848,34323.92551467649,0.171246,1903
2018-09-25,109831665.07118669,41366569.605539046,1572,2133862518.9505355,0.082303,87535200.0,279.233923,3258,25415.257778016843,0.171246,2222
2018-09-26,85360340.38160531,54726209.007095255,1708,2099885296.9341183,0.080992,64321400.0,304.818782,3660,17076.805007372543,0.171246,2156
2018-09-27,206107055.65116683,35038928.19081466,1510,2060330169.9936512,0.079466,101911000.0,269.665389,3166,28242.675659085522,0.171246,1917
2018-09-28,261999768.5032241,76816159.85883085,1797,2240190005.249063,0.086403,89113600.0,321.73546,4118,28099.951026623738,0.171246,2967
2018-09-29,217768597.99345133,63716748.11723528,1369,2170404363.3376355,0.083712,55854000.0,243.549748,2979,26604.173334940417,0.171246,1880
2018-09-30,112235764.86729234,43930836.585445344,1390,2187420222.3285403,0.084368,49853100.00000001,246.419533,3072,24935.51696225368,0.171246,1874
2018-10-01,113652456.12341142,31773101.202269446,1478,2211379553.832862,0.085292,42076400.0,262.459856,3305,9089.159076696109,0.171246,1940
2018-10-02,92141665.21764557,35775618.247506805,1409,2193541849.590985,0.084604,34775200.0,252.567675,3506,15171.86506612535,0.171246,1962
2018-10-03,231580768.39127484,30673581.299123697,1424,2126841553.013009,0.082032,38063700.0,252.746246,3239,19919.56086819247,0.171246,1938
2018-10-04,347463559.43016887,89079124.55987987,1195,2095376564.218833,0.080818,31665100.0,211.29226,2555,32362.566954821483,0.171246,1539
2018-10-05,172130401.22297698,53987624.63802299,1188,2109965843.0216048,0.081381,31160899.999999996,209.21585,2516,34114.18575117222,0.171246,1528
2018-10-06,114312007.72040257,39167847.59551954,1114,2159958319.500437,0.083309,26277600.0,196.732398,2559,34711.46332116587,0.171246,1433
2018-10-07,109678305.74944538,34020755.99175426,1018,2111871087.6120865,0.081454,34848400.0,180.184217,2366,23531.64758285012,0.171246,1229
2018-10-08,601715755.4507024,70056140.50771058,1504,2191646261.25491,0.084531,62079800.00000001,271.171577,3373,14141.33053094301,0.171246,1919
2018-10-09,826620301.2496933,64340077.72268406,1264,2249764481.364394,0.086773,38710200.0,223.830177,2855,18596.07348338628,0.171246,1627
2018-10-10,329566318.7881552,78130224.27434215,1057,2238659687.476647,0.086345,35888200.0,187.92636,2250,10038.932183074936,0.171246,1327
2018-10-11,218081085.4675324,56521414.99977381,1301,2191494904.965886,0.084525,72659700.0,233.055043,2937,11467.788580355102,0.171246,1968
2018-10-12,134749390.68294185,53121340.56606553,1132,1823681724.0015569,0.070339,40979000.0,204.244636,2461,11906.955643773214,0.171246,1521
2018-10-13,76313464.51200299,30765207.88139212,961,1883254318.2369943,0.072637,23571900.0,171.404842,2173,7194.972959204298,0.171246,1283
2018-10-14,80904194.09161614,41053721.21915568,923,1894306897.478869,0.073063,26250600.0,164.819684,2018,12851.416012451764,0.171246,1301
2018-10-15,383441358.38395756,45060453.888049245,1905,1826194256.7616627,0.070436,71953000.0,337.721038,3987,6595.5577816899195,0.171246,2478
2018-10-16,630235789.6617985,46245683.65284634,1511,1939028635.807634,0.074788,26555800.0,266.09206,3116,15461.639218954235,0.171246,1856
2018-10-17,536122901.3021918,61682707.12383201,1406,1966837734.4127219,0.07586,36907800.0,278.289788,4314,20942.78446780421,0.171246,1742
2018-10-18,308950607.45380485,79004360.00311273,1281,2010286692.6327612,0.077536,28634400.0,230.143132,2972,20151.480006317855,0.171246,1546
2018-10-19,339226732.3248752,48067379.84502108,1184,1945110945.266417,0.075022,18153800.0,208.935096,2468,22779.37586594005,0.171246,1385
2018-10-20,137519708.18305883,36513392.224518426,1156,1964955674.5486364,0.075788,20363900.0,209.423295,2916,13019.832633483911,0.171246,1363
2018-10-21,129633592.86507598,38778757.382644214,1016,1978370331.9947808,0.076305,17620200.0,181.127767,2359,16775.435947003418,0.171246,1254
2018-10-22,174258352.50055507,61636715.531269625,1201,1964081893.6953657,0.075754,16871700.0,211.559856,2630,15601.510058511383,0.171246,1454
2018-10-23,126955022.60174446,43125367.91610443,1252,1966933910.959742,0.075864,20710600.0,221.630584,2789,15299.160391757567,0.171246,1552
2018-10-24,130110369.79286252,40350065.39612663,1251,1934462778.0704243,0.074612,14151400.0,221.753562,2915,14922.609022085848,0.171246,1517
2018-10-25,171835157.35797784,60816922.94668398,1231,1926101358.518691,0.074289,12567300.0,218.80082,2784,14735.472654881018,0.171246,1491
2018-10-26,207252955.65204036,48870694.89719469,1264,1912061815.775453,0.073748,13464800.0,224.732386,2524,13361.547037871307,0.171246,2420
2018-10-27,134276732.02086163,51081845.44300708,1149,1910482804.5164504,0.073687,10316000.0,200.622482,2384,14800.038200560908,0.171246,1402
2018-10-28,82794495.08676723,34268590.46323292,1079,1893464313.1293225,0.07303,11226100.0,190.139883,2368,13588.28614171236,0.171246,1337
2018-10-29,105922889.08440886,50565866.67239897,1222,1893762366.740144,0.073042,21315700.0,214.988102,2715,16190.77617863555,0.171246,1583
2018-10-30,86331863.00136057,37048155.35398423,1212,1805361552.2667162,0.069632,11418800.0,215.031722,2669,13092.491015411711,0.171246,1543
2018-10-31,153694913.77037263,45376815.77841859,1240,1807705359.2612007,0.069723,16366000.0,227.713074,2891,13944.600589507963,0.171246,1517
2018-11-01,172413597.5856389,61721635.404761046,1150,1807075162.4612584,0.069698,11256600.0,220.991812,2619,13768.91154323633,0.171246,1376
2018-11-02,342298403.52001685,116878493.22654808,1287,1835994514.5850604,0.070814,18823400.0,226.643836,2772,20607.695748033224,0.171246,1584
2018-11-03,265577850.51644245,55579442.579431385,1038,1881288901.8353643,0.072561,14948900.000000002,182.59823,2230,17580.942120207474,0.171246,1273
2018-11-04,294464491.9347562,102306255.53901923,1371,1853585421.5258758,0.071492,52924200.0,244.930002,3024,21447.609722340065,0.171246,1765
2018-11-05,188044067.95470703,69687130.42005114,1391,1969453963.7094212,0.075961,34358100.0,245.736119,2982,30276.95217793104,0.171246,1759
2018-11-06,153554871.00009093,73638913.78487001,1726,1966090123.6961162,0.076337,49473200.0,306.249235,3780,12477.704088866816,0.171246,2227
2018-11-07,142103626.73978063,59022634.28282435,1508,2100603231.449888,0.08102,36852900.0,269.266076,3235,17040.758890732,0.171246,1930
2018-11-08,99373752.518458,56378229.92410674,1407,2032454300.5434744,0.078391,32149600.0,249.303233,3013,15319.62615565163,0.171246,1755
2018-11-09,765397600.1904169,279617149.46584827,1196,1978871061.6473694,0.076324,23756800.0,214.219594,2683,20790.769698814256,0.171246,1550
2018-11-10,40615984.66439296,26438131.394681085,1016,1922922814.9710054,0.074167,15012100.0,178.648171,2302,14169.549444176238,0.171246,1301
2018-11-11,55007581.927511126,34359065.41171597,1189,1948779781.749663,0.075164,23663500.0,209.860438,2610,14040.215951819242,0.171246,1441
2018-11-12,168117912.03888246,44357557.054858826,1271,1991673566.2423913,0.076818,20975100.000000004,232.019811,2829,14746.200579224771,0.171246,1601
2018-11-13,66033721.03012918,34340887.74225398,1077,1967434586.0950234,0.075883,20329300.0,189.965251,2385,16101.879342515731,0.171246,1387
2018-11-14,920346998.7044679,86972708.36448778,1543,1904043446.850287,0.073439,54964400.0,274.078162,3489,15574.22837500594,0.171246,2244
2018-11-15,772412883.8199286,93241564.21670827,1680,1681292742.977527,0.064847,60267800.0,300.405697,3716,12060.855604491437,0.171246,2506
2018-11-16,520779483.9883398,41787669.6841963,1575,1639687839.4743834,0.063242,27544700.0,278.260542,3316,6168.795072730874,0.171246,2028
2018-11-17,304771738.2686985,29225604.31043275,973,1583171827.2660778,0.061062,17926300.0,174.381742,2369,11612.419340723274,0.171246,1217
2018-11-18,1241329.7878997794,1234324.061745708,164,1576438577.7043414,0.060803,16669400.0,28.887637,409,912.0313113598071,0.17107,166
2018-11-19,88631801.3978331,42067824.03555085,473,1604948185.403313,0.061903,53737000.0,83.917526,1064,3713.469291904612,0.171246,452
2018-11-20,469056950.9126696,51106052.10264535,1271,1365261582.2367735,0.052658,65556800.0,221.065904,2672,22233.78396019893,0.171246,1450
2018-11-21,165214483.52845842,51064094.415300146,772,1170578858.1595228,0.045149,33938000.0,134.825426,1667,24525.608238229594,0.171246,792
2018-11-22,104691835.96243167,23734452.291213103,666,1241509357.0933228,0.047885,18689900.0,117.349274,1378,12337.358209713224,0.171246,671
2018-11-23,136136296.54942852,18170429.684275147,705,1142403845.4958076,0.044062,24258500.000000004,123.892413,1427,18005.2597575556,0.171246,739
2018-11-24,146697148.30775794,48978533.374652684,708,1125741693.9352021,0.04342,25740400.0,126.786607,1457,31288.37554037598,0.171246,763
2018-11-25,87963230.96186823,27909745.140338648,1288,1001518844.8718888,0.038628,40704000.0,229.295159,3373,13278.813300288972,0.171246,2236
2018-11-26,90764815.1671837,54871959.1993696,1532,979032110.919064,0.037761,31641099.999999996,271.660876,3692,6252.952159216576,0.171246,2432
2018-11-27,73876425.97490749,24102951.795140885,1399,925132268.6482542,0.035682,17966300.0,247.490661,3276,5511.78349753926,0.171246,2043
2018-11-28,63047348.15375096,25089781.131357457,1628,946588334.418505,0.03651,47624500.0,288.88046,3746,6905.61883813902,0.171246,2548
2018-11-29,46656384.93353291,28220116.43650765,1565,1095904760.6546123,0.042269,39544072.0,280.845615,3958,5063.446258414998,0.171246,2558
2018-11-30,35919327.175914705,25189605.430088334,1386,1088521310.569226,0.041984,28861639.0,244.327828,3131,4386.276974139392,0.171246,2084
2018-12-01,62986922.93065747,54179377.794332154,1093,1010933776.0521848,0.038991,19314340.0,194.080328,2709,8900.239707280421,0.171246,1596
2018-12-02,19111465.753995225,12339769.721850576,1094,1072080720.6793529,0.04135,23206023.000000004,192.354387,2474,4140.45491478385,0.171246,1405
2018-12-03,43771885.04140825,26762606.7739886,963,1085670129.2124848,0.041874,21282053.0,169.818563,2147,11919.156929880395,0.171246,1138
2018-12-04,30071460.295495052,19747336.811002288,1336,999679375.8533117,0.038557,23563419.999999996,246.789693,3461,9264.196721125827,0.171246,1846
2018-12-05,42888648.471631676,21995169.852964465,1580,976395937.4849787,0.037659,26250706.0,286.628371,3546,5093.097636470195,0.171246,2145
2018-12-06,37774794.49651568,27786417.971642163,2948,889757383.9068772,0.034318,27195357.0,867.175017,5618,3535.964558064027,0.218466,3513
2018-12-07,30724115.624127507,17006846.427174017,1692,798469843.5635213,0.030797,31750703.0,299.345256,3874,9265.682632347341,0.171246,2525
2018-12-08,12681838.512275048,9201808.23038187,1166,772941887.945368,0.029812,19987029.0,205.661735,2782,10792.459925175179,0.171246,1583
2018-12-09,9717656.935936706,8129236.440227881,1186,794472841.6410564,0.030643,16588924.0,208.837645,2917,6826.673767726737,0.171246,1534
2018-12-10,27310655.181628246,12493642.285025982,1052,820665217.166904,0.031653,12553718.0,186.019029,2596,11625.882433091798,0.171246,1372
2018-12-11,33858791.46404045,11308083.178620385,1141,780839885.8484316,0.030117,10444631.0,200.515137,2582,9035.094625531001,0.171246,1453
2018-12-12,40765265.49918131,19676112.217112575,1342,763262438.9176713,0.029439,11071814.0,234.857498,2972,6840.863072962316,0.171246,1603
2018-12-13,1735726774.8558059,49458630.23691517,1502,794282430.3917438,0.030635,11234575.0,318.224429,6707,7175.9874689100125,0.171246,1811
2018-12-14,2232924941.061732,10233839.824726278,1328,757978188.2948375,0.029235,9205271.0,239.854396,3410,11364.546455691172,0.171246,1721
2018-12-15,1886300007.7747238,6196271.258884299,1184,736187774.9862064,0.028395,8387950.999999999,209.821137,2726,10014.469655849798,0.171246,1532
2018-12-16,1772214663.4173381,7042465.983879308,1270,731226117.6413771,0.028203,10366601.0,230.262683,3421,7810.348694509736,0.171246,1597
2018-12-17,1747882629.0146923,15034691.407062396,1637,756424357.1769133,0.029175,37555983.0,291.00049,3571,5394.6476967264,0.171246,2067
2018-12-18,1550932762.7629976,11406575.298151996,1555,850926661.853462,0.03282,78783798.0,278.684583,3563,6925.927719412561,0.171246,2036
2018-12-19,1380449295.7409463,22184766.579405576,1955,903897623.16066,0.034863,43168563.00000001,357.439328,4770,5846.572699499789,0.171246,2648
2018-12-20,982193280.8501825,13656962.430395048,1841,887010739.9362453,0.034212,43040801.0,330.528099,4120,10325.613711484284,0.171246,2414
2018-12-21,569910039.1627046,40432998.70942662,2429,1013210937.6119473,0.039079,93581789.0,441.619597,5601,9461.0347889875,0.171661,3451
2018-12-22,241712928.92932487,59551471.962075956,1606,1054144080.2887952,0.040658,31227246.0,291.667761,3763,10739.880512611731,0.171246,1980
2018-12-23,229114765.8653076,72096563.36812806,1697,1094207292.354081,0.042203,40656190.0,304.737267,3912,11381.801899042022,0.171246,2182
2018-12-24,207575175.089728,66862062.31155379,2018,1148216556.2078922,0.044286,57936797.99999999,365.689696,4542,13246.817772447665,0.171246,2648
2018-12-25,139835037.49315766,55376734.26780423,1455,1184225917.1785793,0.045675,38493644.0,260.203942,3174,16562.455966049176,0.171661,1921
2018-12-26,106659085.82918715,51721660.201566674,1659,1078655109.539565,0.041603,27218409.0,292.814344,3631,5570.007163014621,0.172081,2040
2018-12-27,77299557.42050621,38261223.59213285,1711,1068845793.9618071,0.041225,22969394.999999996,332.338578,3698,7498.490591449575,0.171246,2136
2018-12-28,66486549.56572903,37864226.4373918,1585,959733211.9198796,0.037017,26948333.0,282.996847,3641,9333.644864609782,0.171661,2020
2018-12-29,59232573.13471527,33113224.596695177,1402,1085656812.472439,0.041873,30992034.0,255.028836,3146,10131.50290149171,0.171661,1894
2018-12-30,93520755.56304598,46793506.56677941,1371,1078481486.1228282,0.041597,27767174.000000004,244.064325,3116,15517.701015294515,0.171246,1792
2018-12-31,55470307.49672061,36402187.09428792,1204,1120877534.7913206,0.043232,19280457.0,215.677762,3012,16068.635208301985,0.171642,1650
2019-01-01,43014262.68738588,28402519.627129436,1513,1062589847.4966507,0.040984,14962902.0,266.688569,3290,2477.667566281936,0.171246,1885
2019-01-02,47302641.7815196,31586165.67666808,1813,1103675588.770162,0.042568,24151526.0,325.518801,4374,9620.360721638224,0.171246,2375
2019-01-03,40673506.068752244,30149280.096253794,1483,1169455326.5481937,0.045106,21126963.0,265.336026,3494,7524.707780038581,0.171246,1933
2019-01-04,33867926.10072055,24790985.688821055,1440,1105240005.6487036,0.042629,16024029.000000002,256.416916,3216,7522.190495499152,0.171246,1692
2019-01-05,31820347.042530052,22923074.319604874,1451,1131959422.9503593,0.043659,25100964.999999996,260.742861,3478,5753.148472631637,0.171246,1703
2019-01-06,49586842.590010926,30380910.343220614,1766,1159164828.2927468,0.044709,51366407.0,322.617747,4602,5732.09381723517,0.172081,2232
2019-01-07,74327383.60844186,34814936.90502626,1798,1277320923.5839236,0.049266,45688431.0,325.459013,4059,14010.070828620574,0.171246,2332
2019-01-08,76393614.09419073,32192814.563024085,1695,1248133469.5031428,0.04814,34626383.0,307.609165,3654,10525.064387112001,0.171246,2113
2019-01-09,73623982.16059224,38200840.08668999,1926,1259209215.0638885,0.048567,55364234.0,349.403889,4322,8189.320507012978,0.171246,2487
2019-01-10,103357653.48322941,46479843.064516865,2491,1349485264.3500192,0.052049,91162431.0,450.945197,5475,8848.321086816944,0.171246,3381
2019-01-11,45420011.31846716,22930371.7418086,1779,1149144540.7716947,0.044322,35963011.0,319.646423,3821,8368.879733336082,0.171246,2275
2019-01-12,26873913.753821913,20645155.618327446,1352,1144791462.091845,0.044154,18224445.0,256.627416,3145,7240.355232172524,0.171246,1671
2019-01-13,24222094.878064465,16974398.942453727,1365,1135913977.676499,0.043812,21758341.0,529.173671,3405,12723.959969245727,0.171246,1746
2019-01-14,23719141.254321955,15502663.410100823,1379,1043529080.2716358,0.040249,30269131.000000004,250.326674,2903,10682.975322364202,0.171246,1671
2019-01-15,36203232.55483639,16755429.386481619,1415,1144865586.9976876,0.044157,24504027.0,258.08522,3366,10244.019923664544,0.171661,1682
2019-01-16,176290493.99398008,47522511.227211975,1527,1108840464.9969404,0.042768,35481507.0,276.744237,3445,9677.986537830337,0.171817,1891
2019-01-17,53848045.739488445,31953157.753497258,1409,1163297172.5015225,0.044868,38222964.0,256.681946,3148,5260.80691213176,0.171817,1732
2019-01-18,245165395.35813785,89549269.79001732,2270,1174700035.4791949,0.045308,18937100.0,418.469703,6033,15927.687017329534,0.171246,2617
2019-01-19,69717919.57793093,38821506.61920847,1459,1147929473.2748635,0.044275,23657402.0,262.749766,3319,14096.985957852876,0.171246,1824
2019-01-20,43140714.972259365,29984002.554293387,1555,1184187961.6692502,0.045674,26755021.999999996,282.535832,3347,11035.094642421478,0.171246,1846
2019-01-21,40871357.051887795,33403642.29051697,1455,1128891762.0256424,0.043541,16583935.000000002,261.784121,3112,11758.649063922378,0.171246,1717
2019-01-22,37257504.501279585,27381420.211465754,1483,1111974635.0355225,0.042889,22963399.0,264.530329,3205,11550.01685371349,0.171246,1740
2019-01-23,136794304.30871624,55085443.927766554,1285,1129075538.351049,0.043548,15241102.0,227.638771,2859,9579.686076036025,0.171246,1496
2019-01-24,65660531.671979584,57427720.969007306,1364,1113218391.300207,0.042937,12440167.0,246.427662,3068,8812.102309099004,0.171767,1514
2019-01-25,38536414.98838075,23096948.571133226,1321,1117376455.049917,0.043097,12663796.0,235.707502,3091,8814.586184915717,0.171246,1499
2019-01-26,22203525.15411452,16497184.084118113,1158,1106742019.5910573,0.042687,13550564.0,207.070994,2647,8898.083741871882,0.171246,1387
2019-01-27,23659944.297945175,16919987.226584736,1356,1106202438.0788476,0.042666,20835107.0,245.57477,3104,10309.097935043856,0.171661,1701
2019-01-28,36593556.72622047,26885266.975448657,2116,1066560927.8936862,0.041137,30041137.0,380.317643,4788,8260.498141463777,0.172081,2633
2019-01-29,144236337.1419492,23796480.770150915,1567,1003704311.8343834,0.038713,19526240.0,281.861827,3619,7742.554664367089,0.171642,1895
2019-01-30,288341166.70218194,27799205.20959527,1648,989806735.2422081,0.038177,26151501.0,299.282496,3693,11829.239811439478,0.171246,2075
2019-01-31,202934229.7319332,20514441.98680798,1534,1029279945.5897744,0.039699,22222102.0,277.97198,3623,8753.086759706734,0.171246,1905
2019-02-01,113524028.32090183,17523622.398730174,1382,996671814.9673718,0.038441,18778624.0,249.340464,3303,7085.036180029081,0.171246,1756
2019-02-02,75097972.78197506,9691992.023606366,971,1000744936.2148181,0.038598,12312317.0,177.796259,2344,9610.895351224313,0.172081,1146
2019-02-03,72430267.91953264,16820523.198533032,1051,1017878710.655342,0.039259,12940762.0,189.543484,2470,11777.693287417662,0.171949,1301
2019-02-04,55769042.17351528,15877819.273137698,1453,988607552.0580077,0.03813,12233074.0,259.356204,3228,2272.78135079562,0.172081,1747
2019-02-05,45754410.70457108,19911552.944052123,1177,980669900.5750476,0.037824,13348305.0,214.417164,2757,8163.812468713152,0.171661,1402
2019-02-06,54736862.90935233,24930632.508698735,1241,985048980.4599186,0.037993,17351384.0,221.74522,2818,8514.286313788014,0.172081,1595
2019-02-07,31132447.347847857,13341418.303265497,1188,950259806.91304,0.036651,12424740.0,212.765742,2738,7235.90918618112,0.172081,1425
2019-02-08,33497310.798640404,14503442.67272983,1514,943718616.5363058,0.036399,32705206.0,281.753518,3339,6500.975731297344,0.172081,1788
2019-02-09,35776296.57459694,17932797.01968339,1411,1057180311.2060988,0.040775,18529365.0,260.690555,3314,5295.807550730375,0.172081,1636
2019-02-10,26330863.79346773,13427905.88257536,1441,1064296976.3717022,0.04105,22634047.0,256.201512,3059,7172.939989672751,0.171661,1631
2019-02-11,33794411.00042854,18041137.55353704,1312,1108945741.194642,0.042772,17847243.0,238.143681,3048,5515.554002818251,0.172081,1533
2019-02-12,40782143.949449375,19058059.687453177,1385,1080638980.2399943,0.04168,14893311.0,248.729732,3204,9076.263302978241,0.171661,1785
2019-02-13,30911260.76099085,14514384.84789797,1451,1082584033.781069,0.041755,12736279.999999998,266.596022,3603,4438.7163504994805,0.172081,1824
2019-02-14,45336368.33971455,10605405.505862363,1254,1066542407.2540699,0.041136,11428290.0,225.475987,2787,5809.094243787407,0.171661,1501
2019-02-15,43316357.55233457,14702217.522944117,1348,1050978407.5755665,0.040536,13336096.0,240.701472,2905,8524.427278094352,0.171246,1543
2019-02-16,30350746.315066222,12159057.692096774,1193,1053126896.2061621,0.040619,11097836.0,216.936798,2739,10134.577346304619,0.172081,1510
2019-02-17,15422185.605894757,9900477.07315417,1102,1063702146.5771736,0.041027,15275650.0,199.647217,2786,12356.588919926886,0.171246,1512
2019-02-18,44704750.78408797,16771225.154112816,1927,1075149990.6940906,0.041468,36845046.0,349.622079,4520,8110.704830909352,0.171817,2516
2019-02-19,56092464.184051305,29104162.7623462,2298,1184411764.3870187,0.045682,42563543.0,417.170494,5080,6329.6196074844465,0.172081,2794
2019-02-20,42182356.26623512,17740824.38173311,1623,1197240540.473176,0.046177,25594089.000000004,294.12472,3764,9130.917103187709,0.171661,2013
2019-02-21,48949671.874089375,26094223.57508323,1833,1233720792.9053347,0.047584,25111686.0,328.789594,4275,7361.955207278944,0.172257,2377
2019-02-22,40809357.00222912,15545759.281974088,1180,1167777408.8990748,0.045041,17691042.0,211.524667,2728,12736.924480335245,0.171642,1457
2019-02-23,20889111.378169116,11155807.798377344,1205,1192182988.233326,0.045982,27665133.0,219.928361,2778,12154.522559776606,0.171661,1448
2019-02-24,57933426.20311056,17806922.010289837,1525,1263346237.3846805,0.048727,51650807.0,280.122268,3752,10189.771191300071,0.172081,2025
2019-02-25,33207379.498314485,21112814.257621508,1737,1093302570.3219125,0.042168,24692110.0,321.230291,4393,2446.7843185052398,0.172081,2432
2019-02-26,19071161.50327583,14492265.02280042,1537,1139889616.232796,0.043965,16641229.0,295.857705,4371,3341.3317841725197,0.172257,2199
2019-02-27,62469603.9087121,48464134.7899367,1509,1123404178.9686155,0.043329,18346578.0,310.480111,5725,4332.9,0.172257,2392
2019-02-28,42842827.250060566,33582632.853241816,1432,1121227687.109895,0.043245,14678619.0,273.747496,4437,2512.23732234927,0.172257,2256
2019-03-01,33329429.43281498,28445756.449873056,1319,1117778563.7771668,0.043112,12997143.999999998,250.410245,4153,2202.756085721936,0.172257,1977
2019-03-02,26078855.014969457,22826620.69259237,986,1120502181.7449226,0.043217,11304263.0,194.807875,3630,2434.7693913810886,0.172433,1599
2019-03-03,28563795.678822964,26223874.15079342,821,1111044359.1832104,0.042853,11011517.0,162.195621,3253,3619.5293317816913,0.173831,1440
2019-03-04,57536193.615048185,53978329.52059506,1566,1096793780.8110683,0.042303,18487838.0,346.997977,9303,2962.789071789465,0.172433,2277
2019-03-05,54795385.59854813,46422068.36098191,1534,1052606988.4007221,0.040599,20952204.0,330.792286,9299,4134.446879319842,0.172433,2334
2019-03-06,44920771.05718798,39514512.24746324,1485,1119666653.530215,0.043185,15221353.0,302.634549,7219,4398.280113799306,0.172433,2223
2019-03-07,43214868.80198254,37805645.04248814,1461,1110975378.4789493,0.04285,17201356.0,300.674891,7261,3324.12574656145,0.172433,2178
2019-03-08,57266770.81279564,44541117.694083095,2078,1113611445.0791297,0.042952,20315017.0,414.918913,9209,4169.884757376156,0.172257,3043
2019-03-09,64969448.245629735,53187693.41117195,1880,1106720745.9764595,0.042686,52185658.00000001,392.466373,9437,4851.810894646023,0.172433,2627
2019-03-10,77316922.0912666,63344808.79458026,1601,1212199351.5799377,0.046754,27465022.0,333.292263,7949,5801.418351649568,0.172433,2641
2019-03-11,109863323.9088302,85622395.40466931,2298,1184794205.4109547,0.045697,54732770.0,459.813417,9035,4927.323732705647,0.172257,3361
2019-03-12,253609146.31180072,61465790.773641236,2240,1235809986.3650653,0.047665,35348849.0,433.919912,6695,4705.01468654064,0.172257,3001
2019-03-13,128684783.56987086,47476875.02982821,2235,1228050413.083065,0.047366,29855262.000000004,467.091907,7384,3906.0863223728716,0.172257,2839
2019-03-14,83412092.92418529,45006086.53858599,2039,1207565828.807096,0.046575,26216581.0,389.938358,6241,3392.98078241475,0.172257,2608
2019-03-15,89754699.29425506,60196913.04437041,2622,1244137381.0533378,0.047986,42730118.0,502.284271,8504,5729.052099793424,0.172257,3902
2019-03-16,141472832.11127344,54399155.78567781,1985,1299249554.5636077,0.050112,44616837.0,387.435089,6415,7627.556231119296,0.172433,3148
2019-03-17,55563720.59389162,39181244.56187884,1534,1337827046.889876,0.0516,28870445.0,300.680373,5661,7172.758348222801,0.172433,2668
2019-03-18,652285645.5279967,74868604.23880737,1790,1304418872.3746333,0.050311,37198857.0,347.272895,5891,4070.7394707962935,0.172257,2778
2019-03-19,1009455848.4743671,47323767.223909646,2286,1308194858.1307564,0.050457,46089908.0,445.559768,7149,5046.1214345744065,0.172257,3463
2019-03-20,1072164910.2418785,84230385.89413907,2308,1366854315.3150804,0.052719,47370106.0,445.445853,6939,5271.890981360671,0.172257,3578
2019-03-21,830395707.5874135,80479406.47495396,2759,1398939975.0186388,0.053957,66543590.00000001,543.244972,8994,5935.216042999999,0.172433,4242
2019-03-22,984505423.4618983,83263036.83624905,3231,1371708423.8612173,0.052906,119817467.0,643.044455,9965,6296.616060462224,0.172257,4941
2019-03-23,733947795.2357311,87895077.37268369,3107,1503579963.83089,0.057993,137854804.0,654.353271,10523,6364.672782833586,0.172433,5145
2019-03-24,463258270.6706766,80228734.89579424,2481,1652141793.7262251,0.063723,102441666.0,514.190058,8067,8332.97134074296,0.172433,4222
2019-03-25,273756563.335455,51245194.28608467,2353,1603590060.4184668,0.06185,74748665.0,472.377692,6711,6677.1399359028,0.172257,3426
2019-03-26,417718359.04937935,108807824.87583995,2790,1535040792.0011222,0.059206,79200006.0,547.064235,8363,5603.413196049032,0.172433,4615
2019-03-27,884057656.7565993,179457868.60525373,4500,1613488693.8947556,0.062232,113386031.0,890.091092,14207,2981.869699395168,0.172257,7641
2019-03-28,411548308.918501,150695079.51796094,3815,1752485574.6643224,0.067593,78259560.0,803.418411,12149,2504.013119288994,0.172257,6585
2019-03-29,213678874.37559122,133033085.37535137,4120,1705038965.1621008,0.065763,125904170.0,872.151961,15337,2630.441996631455,0.172433,7150
2019-03-30,135482373.8427156,91012011.75609708,3187,1847494148.9099236,0.071257,94907668.0,671.86049,10611,3981.1693894067193,0.172433,5960
2019-03-31,119258625.60740365,69821981.71465507,2708,1859985122.1717803,0.071739,67772020.0,554.392726,8903,4407.952652191278,0.172433,4534
2019-04-01,100150871.81550537,67500758.85971192,2905,1805838171.1534219,0.069651,81836247.0,610.67301,9736,3989.004391990044,0.172257,4503
2019-04-02,609062974.6504674,351689074.40960175,4119,1874789772.1974561,0.07231,201276068.0,819.847352,13619,3648.48611129002,0.172433,7036
2019-04-03,1007827753.1505815,265798830.30916554,4957,2215131425.573923,0.085437,300935985.0,970.77922,15153,3349.9818268662243,0.172257,8891
2019-04-04,1551709456.6538577,139176717.87825456,4847,2346858214.433627,0.090518,182769802.0,928.903388,13667,26434.482946514487,0.171661,7273
2019-04-05,1522069304.6769497,46484675.24168543,4699,2264870622.838171,0.087355,122685904.0,905.949411,12766,2133.3687624897652,0.172433,6238
2019-04-06,1792148527.7961287,235695273.69362032,2416,2364914796.5130196,0.091214,114652738.0,501.030887,9754,5991.924877987019,0.172433,3727
2019-04-07,1493592859.598857,127335159.43786255,2595,2337622407.938796,0.090161,100804121.0,513.047619,7414,5181.061204011898,0.172433,4176
2019-04-08,1494271162.8085096,123620156.7183093,2974,2345505582.452482,0.090466,134978650.0,583.476848,9340,6307.059131640023,0.172257,4770
2019-04-09,1212964888.9584436,137776143.31749955,2659,2255373232.20085,0.086989,122878696.0,531.659355,8122,6066.573840475127,0.172433,4113
2019-04-10,1223850712.4214854,126269368.23074025,2700,2172139451.6503935,0.083779,131422302.0,526.240751,7920,4529.513440102334,0.172433,4471
2019-04-11,1337325995.1249871,102308010.09601289,2978,2331599649.6420217,0.089929,163656338.0,568.776649,8823,8693.900045470149,0.172433,4898
2019-04-12,636607619.0616875,126412408.23644374,2675,2167089420.209099,0.083584,110371614.99999999,570.67337,10843,9101.643171215104,0.172433,4048
2019-04-13,265898640.29271796,133044357.80101492,1993,2164521971.2116184,0.083485,71755836.0,380.049153,5591,7356.613253762046,0.172433,3153
2019-04-14,166743510.2648021,105395225.553675,1880,2170904719.2914243,0.083731,82514758.0,381.054633,5733,6053.630177875312,0.172433,3111
2019-04-15,134649439.4584555,90564373.90009107,2166,2194549660.528606,0.084643,73555913.0,420.420209,6638,6879.609446729338,0.172433,3917
2019-04-16,129747914.7555576,87617790.92096475,2209,2132887771.4927256,0.082265,65962870.0,421.157297,6137,5482.52847224902,0.172257,3578
2019-04-17,138072995.53863207,97829835.17553124,2392,2172304053.9057345,0.083785,66210753.00000001,460.116559,6648,5925.60158312694,0.172257,3582
2019-04-18,111423498.68355156,81400985.2760648,2413,2153669615.956074,0.083066,70016366.0,478.772911,6946,5912.131455920298,0.172257,3960
2019-04-19,233438237.54070958,107763896.49294674,2754,2119258424.4885538,0.081739,82646736.0,544.769951,8089,6077.36194494218,0.172433,4658
2019-04-20,231062929.388112,97566485.28080982,2448,2061599973.2920947,0.079515,77410325.0,491.890061,7345,6572.983930437353,0.172433,3866
2019-04-21,187685562.09936124,81031495.40744907,2518,1984882649.6460743,0.076556,89301952.00000001,501.615717,7496,7540.961565670464,0.172433,3832
2019-04-22,144387822.5165673,81077772.90773979,2762,1921210698.1603794,0.074101,90476347.0,551.792367,7834,7410.071144700096,0.172433,4201
2019-04-23,123804075.49506934,78411982.12840758,2726,2024037985.4733908,0.078067,100698845.0,533.254732,8172,5523.404610544325,0.172433,4198
2019-04-24,121207679.67444097,84090860.78266065,2926,1932184161.423801,0.074524,90318024.0,560.548794,8080,4963.391963689616,0.172433,4524
2019-04-25,201921007.2935589,141983408.8251664,2467,1883412070.0521488,0.072643,96537994.0,462.400466,6612,4562.922425779483,0.172433,3296
2019-04-26,102555455.54014142,83650676.86629799,3074,1797976132.387957,0.069347,83227768.0,564.604537,7321,3751.7433902513903,0.172433,3087
2019-04-27,35573033.0590318,28224603.916580018,1909,1794429581.1529005,0.069211,50161507.0,365.210726,5073,3114.483065739637,0.172433,1882
2019-04-28,26997794.513801057,21159790.744805478,1573,1819795242.740272,0.070189,42979831.0,294.642229,3981,2696.0865040845893,0.172433,1524
2019-04-29,285815431.676806,97216722.11919843,2254,1779129278.6860797,0.06862,69287156.0,419.401151,5669,3380.2059892790803,0.172433,2345
2019-04-30,49827497.678956926,42035386.91147744,1993,1676463319.4319646,0.064661,62990602.0,364.976113,4775,2445.129590210153,0.172257,1983
2019-05-01,99623056.48218612,80231431.0246077,2563,1823668206.0938938,0.070338,58865338.0,488.848541,7575,4113.55072180302,0.172433,4022
2019-05-02,82779366.32593185,64092926.656365395,2470,1789483670.6134531,0.06902,55122571.0,476.240083,7454,4424.32885081712,0.172433,3590
2019-05-03,104118122.07417777,77117346.38654563,2523,1777940410.6229777,0.068575,77726744.0,490.110447,7706,3890.2686852539246,0.172433,4142
2019-05-04,119733019.06961265,81382078.30235586,2536,1811217641.4043064,0.069858,75467767.0,476.580854,7148,4549.934885903209,0.172433,4155
2019-05-05,88903313.60252763,56134960.90182347,2146,1734708968.1516342,0.066907,49098473.0,400.058198,5878,4266.090548559396,0.172433,2839
2019-05-06,114437887.19525723,75797424.94783096,2794,1715450047.8519917,0.066164,60289464.0,531.82219,7753,4846.935493497118,0.172433,4124
2019-05-07,104098387.10100263,66685007.80872472,2668,1730869696.3104506,0.066759,53650714.0,500.30286,7360,4413.961631164817,0.172433,3849
2019-05-08,49461861.63149073,26983481.371257275,2059,1659785930.014968,0.064017,40605280.0,386.005509,5174,2884.1858643297874,0.172433,2124
2019-05-09,28774710.109876946,22508979.29349163,2333,1675057060.5023422,0.064606,60306853.0,442.242155,6136,2302.614156016504,0.172433,2362
2019-05-10,32360338.815108597,28039320.992512345,2590,1599560688.6388505,0.061695,87926146.0,492.590568,7633,2581.5419339414175,0.172433,2690
2019-05-11,65033144.609635465,41187523.84301955,3779,1642601647.1709833,0.063355,187252193.0,729.243777,10107,3167.739086657765,0.172433,4115
2019-05-12,46750972.45795084,33907163.69473601,2790,1948283978.6216223,0.075145,141023789.0,530.686346,7606,2678.9785975296577,0.172433,2880
2019-05-13,56708339.570249096,40857744.90122219,3042,1817120273.5033116,0.070086,124764723.0,584.554414,8048,2803.438487438991,0.172433,3233
2019-05-14,58007929.39551109,46289627.14786102,3386,1893092937.8941364,0.073016,192076841.0,646.164949,9173,2732.898177115272,0.172433,3585
2019-05-15,142888867.4987811,108717520.25351672,4869,2192435882.276974,0.084562,207490352.0,949.614157,14600,3433.1734859277863,0.172433,6688
2019-05-16,404112603.3998467,224987022.40260562,5749,2437042305.4519343,0.093996,270983572.0,1142.726541,18943,5688.667919481371,0.172433,10812
2019-05-17,232773250.2561175,174165552.6500564,3967,2286945325.6574583,0.088207,208531470.0,777.306513,12217,5270.290091894268,0.172433,6468
2019-05-18,141873347.22730434,110691730.56168056,3161,2158676073.1578684,0.08326,116482955.0,622.271791,9343,4226.4619666977405,0.172433,5062
2019-05-19,125092600.62633748,99632007.4401618,3474,2049869796.3212557,0.079063,145752504.0,671.977405,9921,3575.1395141452826,0.172433,5496
2019-05-20,160631982.32185236,128393777.53160125,3383,2254672240.823991,0.086962,133738559.0,656.210932,9635,4348.085020186766,0.172433,5059
2019-05-21,310668469.27986795,179539787.2371699,3275,2199759033.130033,0.084844,97465476.99999999,621.952938,9456,3702.35803213356,0.172433,4748
2019-05-22,278766150.91182554,161741895.5096034,3519,2193496123.744006,0.084603,130856368.0,688.44411,10425,4258.537767354921,0.172433,5721
2019-05-23,241137896.89993772,140627166.59741002,3372,2020082312.9795513,0.077914,101768393.00000001,649.433054,9751,4285.450523192912,0.172433,5212
2019-05-24,196156410.53717873,141551863.97942737,3663,2092951766.4695373,0.080725,106320608.0,697.625438,10303,4172.87292405215,0.172433,5480
2019-05-25,187085316.87029776,116484915.79434784,3206,2096691514.3172715,0.080869,62522128.0,620.665924,8971,4043.436069748667,0.172433,4684
2019-05-26,123542858.36104713,96933193.0488971,3165,2087186092.716349,0.080502,111190329.00000001,595.771451,8608,3644.2832560829943,0.172433,4306
2019-05-27,182797198.02600214,146345766.55517167,4042,2230711018.6342335,0.086038,171736300.0,781.659766,11320,5407.964085493948,0.172433,5756
2019-05-28,146276387.083241,121085396.69198072,4022,2373598251.654528,0.091549,180587855.0,782.355494,11118,4321.164916053456,0.172433,5674
2019-05-29,151809260.87337402,126309895.31986237,3796,2407963748.484466,0.092874,154832177.0,722.789658,10626,4338.09381825801,0.172433,5449
2019-05-30,181661195.48648235,152181758.5542096,4127,2355003828.491208,0.090832,232348615.00000003,787.368022,10956,5206.37050480344,0.172433,6265
2019-05-31,141054534.73076004,118872205.98024623,3691,2191108850.0622754,0.08451,136542079.0,708.32601,9700,4493.48091463755,0.172257,5668
2019-06-01,120547247.84184965,101650538.27532987,3032,2319482934.1257,0.089462,151835928.0,572.968426,7998,6066.74358971552,0.172433,4499
2019-06-02,150639060.21649367,119547640.88635851,3740,2351449237.7665205,0.090695,187162218.0,710.320701,9813,6348.58422091179,0.172433,5074
2019-06-03,180511833.61030585,143153746.44723785,4328,2504193165.944808,0.096586,227861800.99999997,827.869736,12136,6226.401518493898,0.172433,6413
2019-06-04,154742116.28523743,131267666.7300325,3921,2293175343.2258563,0.088447,184181602.0,753.679626,11136,6030.661714456546,0.172433,5977
2019-06-05,112866105.74080923,96888340.11568308,3290,2144653625.4071047,0.082719,118371207.0,625.818627,9157,4457.351254607023,0.172433,4702
2019-06-06,103670622.33537751,87331430.71122271,3177,2162089539.235516,0.083391,154264121.0,601.990921,8951,5083.95575537619,0.172257,4393
2019-06-07,89746819.95595294,79376705.58139876,3280,2162464900.848905,0.083406,139056743.0,624.102355,8978,4170.285618053202,0.172433,4173
2019-06-08,89027819.0291749,80871037.28712252,2849,2225991587.8618264,0.085856,126559142.00000001,536.231216,8291,4136.83850127424,0.172257,4084
2019-06-09,84627142.91593696,68735076.22190002,3092,2183199577.1978106,0.084205,122067718.0,576.762087,8162,3959.501565751215,0.172257,4063
2019-06-10,123857929.58299169,105876480.4079838,3153,2059386519.5293264,0.07943,139307413.0,586.462841,8261,3971.48630364681,0.172257,4192
2019-06-11,93871565.40161212,78146554.71448587,2674,2219219797.927642,0.085595,152723260.0,525.733928,8719,5138.28573045312,0.172433,3649
2019-06-12,156650889.0926441,128076935.57601006,3887,2281524530.720601,0.087998,247353618.0,844.447227,12613,6349.135455403336,0.172433,5328
2019-06-13,154941729.96832925,120576037.56434521,3244,2497581562.6734195,0.096331,228176587.99999997,612.280296,9641,4631.977659960933,0.172433,4892
2019-06-14,240089308.49523833,144751804.47251078,2926,2327638877.8219132,0.089776,205015950.0,567.293489,10048,4818.498054881696,0.172433,6119
2019-06-15,202078749.6905451,125090841.45398778,2805,2350467852.837342,0.090657,159441139.0,542.130874,9305,4571.900999006418,0.172433,5349
2019-06-16,167140647.3068363,115373294.32166424,2545,2377380920.21891,0.091695,197578317.0,494.748835,8552,5282.48144872575,0.172433,4759
2019-06-17,187991646.6559816,110202121.82613339,3035,2392843199.880073,0.092291,158000947.0,586.383451,9909,5556.802760966807,0.172433,5337
2019-06-18,177782992.8314724,103501693.7297332,2808,2426660837.866559,0.093596,146225453.0,543.70764,9214,6641.6606977913725,0.172433,4665
2019-06-19,147337262.20164093,99106879.87796535,3233,2311522555.9503884,0.089155,114753637.0,653.696981,9350,3555.5003013429346,0.172433,4753
2019-06-20,170846814.38932624,111835356.34170157,3170,2332895318.093975,0.089979,159470237.0,631.701269,9676,4251.2182352792015,0.172433,5283
2019-06-21,153431505.28989047,91549887.29150419,3069,2266114517.636799,0.087403,124230175.0,584.043775,9037,4284.899470010074,0.172433,4591
2019-06-22,243576635.98324415,132163076.50875528,4055,2323820072.779107,0.089629,243264335.00000003,792.670475,12846,6258.666119753288,0.172433,6689
2019-06-23,187157121.1929965,138512566.15886432,3932,2447601425.608988,0.094403,245604694.0,750.156862,11184,7638.169666436089,0.172433,5822
2019-06-24,222170884.83722663,125844915.48760843,3099,2505690861.164236,0.096644,135761451.0,597.606565,9737,5798.60668777964,0.172433,5310
2019-06-25,202395680.3098235,119325249.73848657,3308,2535995029.9847546,0.097813,193143080.0,643.863234,9975,4894.554086905486,0.172433,5217
2019-06-26,304876745.3790432,204772267.70018885,5011,2498247146.806527,0.096357,340512939.0,972.6381,14691,6609.380228904875,0.172433,7801
2019-06-27,236790828.4251562,153574313.0779453,3673,2534542323.967553,0.097757,253512191.0,711.065549,11508,7109.763816852631,0.172433,6106
2019-06-28,264774931.4136637,184351445.59260947,3413,2242230956.055367,0.086482,195954056.0,658.392411,10736,5897.60620105019,0.172433,5637
2019-06-29,283006639.8027592,215764355.8183982,2883,2315210851.1074405,0.089297,169271858.0,550.951197,8327,5195.036674645272,0.172433,4320
2019-06-30,209182266.58414522,154659877.3373085,2800,2346025083.8903747,0.090486,161855807.0,522.084587,7689,5406.000141553604,0.172433,3780
2019-07-01,282849491.8721192,193924853.61220574,3006,2128562272.058028,0.082098,168654991.0,573.828379,9103,5760.352129853529,0.172433,3763
2019-07-02,273611574.77350986,114607690.3886033,2797,2172687287.3095946,0.0838,180980795.0,531.947291,7877,5865.9162,0.172433,3966
2019-07-03,506422411.474237,149328282.01974013,3165,2100943835.8140316,0.081033,154492407.0,606.648491,9144,4051.692406675758,0.172433,4989
2019-07-04,641206272.972272,61387901.64012133,2978,2152119811.1826963,0.083007,142713205.0,566.277079,8324,3849.6679257318524,0.172433,4414
2019-07-05,298217893.32862836,64358779.39584412,2960,2017258562.2455313,0.077805,116391599.0,584.427027,7255,3138.4665013645126,0.172433,3556
2019-07-06,289331699.3569552,36347046.15675441,2560,1983898643.2818775,0.076518,128961683.0,486.299564,6766,3825.904538397357,0.172433,3412
2019-07-07,454912911.2629317,231094574.62091404,2702,2005350043.7852035,0.077346,104984613.0,499.466694,6184,2835.8387891375487,0.172433,3026
2019-07-08,283543477.36605275,151579188.32233784,3486,2072406507.0520403,0.079932,114339528.0,646.266617,7284,2600.960304668538,0.175733,3756
2019-07-09,465661739.9541042,136752676.57564324,3409,2085890647.8933747,0.080452,122935384.0,649.60656,7849,2268.9272190880797,0.175733,4112
2019-07-10,443128820.11439395,166007987.26518118,3751,2022615336.902752,0.078012,119999743.0,702.832312,8515,2794.153420499364,0.175733,4293
2019-07-11,188424937.50971356,97754251.47655031,3469,1865033353.1000783,0.071934,118873479.0,656.183915,9332,3452.81979855492,0.172433,4585
2019-07-12,141421851.95998594,74660038.745907,2945,1689945812.5260918,0.065181,118155306.0,557.776136,7845,4562.593591116483,0.172433,3836
