date,txVolume(USD),adjustedTxVolume(USD),txCount,marketcap(USD),price(USD),exchangeVolume(USD),realizedCap(USD),generatedCoins,fees,activeAddresses,averageDifficulty,paymentCount,medianTxValue(USD),medianFee,blockSize,blockCount
2018-11-09,,,,0.0,88.3,2585660.0,,,,,,,,,,
2018-11-10,,,,0.0,70.27,4748070.0,,,,,,,,,,
2018-11-11,,,,0.0,87.7,8902820.0,,,,,,,,,,
2018-11-12,,,,0.0,116.45,10779600.0,,,,,,,,,,
2018-11-13,,,,0.0,109.9,20708000.0,,,,,,,,,,
2018-11-14,,,,0.0,205.76,36795500.0,,,,,,,,,,
2018-11-15,,,,0.0,176.28,40105900.0,101201561.05433372,,,,,,,,,
2018-11-16,16761606.83530815,13773473.697471762,555158,0.0,94.47,180605000.0,138506398.74279812,2037.5,2.59483108,10399,543624697350.672,561420,0.079883832,5e-06,205034760,163
2018-11-17,57556195.99981657,50689805.671147466,1922573,0.0,123.29,200816000.0,148043206.14480442,1575.0,6.09712892,8839,610465038783.503,1050018,0.0252423946,1.9200000000000003e-06,571376186,126
2018-11-18,23700444.45907246,20684769.871441953,4421110,0.0,130.29,83486800.0,153466321.89332068,1600.0,9.38975284,9351,494665594814.344,831452,0.0007113834,1.9200000000000003e-06,927828225,128
2018-11-19,38840843.03953332,32268732.15443165,2941899,0.0,105.84,97310700.0,139730153.93454608,1462.5,6.00705615,478646,452514477609.391,778549,0.003381588,1.9200000000000003e-06,590618106,117
2018-11-20,26390785.547245532,22498371.56091291,1626675,0.0,71.65,124675000.0,143716821.94565672,2187.5,3.42311661,534155,338370640298.166,197413,0.0017303475000000003,1.9200000000000003e-06,328764633,175
2018-11-21,9401779.865571104,8551971.627081437,106737,0.0,51.12,56414700.0,150815123.29146445,1887.5,0.38921318,7884,549216527138.913,12716,0.0002791152,1.9200000000000003e-06,21803747,151
2018-11-22,17194446.35312339,15677746.910592105,4214,0.0,50.72,32667900.0,158599033.95762718,1612.5,0.23537907,20008,549610279197.545,6863,7.1536360384,3.79e-06,9201093,129
2018-11-23,36387503.59704338,34916167.05646315,6916,0.0,42.5,118574000.0,149943366.1957124,1500.0,0.10999306,7997,470377665163.467,3011,0.19125000000000003,2.27e-06,2383037,120
2018-11-24,11263734.45973927,7333591.710696883,7546,0.0,52.82,172732000.0,150781843.6078682,1937.5,0.1008769,13287,382584239985.339,4843,5.9933396168,1.9200000000000003e-06,2923933,155
2018-11-25,61825146.14011194,32319068.17165387,7230,0.0,60.28,379158000.0,167727902.75446475,1275.0,0.12871272,12630,384459861196.145,4738,20.00996107,1.9200000000000003e-06,3800770,102
2018-11-26,38725646.510647185,31329203.80218087,9331,1550943724.4508505,88.74,589274000.0,182231199.71936712,1225.0,0.14569342,15613,243427311517.72,4004,0.53244,1.9200000000000003e-06,4222413,98
2018-11-27,37445265.24064692,34003727.921203606,5127,1982436013.0813575,113.42,296211000.0,188884895.90100816,1525.0,0.26022885,14162,156380061446.539,3963,61.63652359620001,3.74e-06,3362974,122
2018-11-28,32762342.615791798,28449745.88484113,5683,1583777454.7214622,90.62,308722000.0,197240258.57366437,1712.5,0.55006588,14164,123502032435.594,10002,27.139518283400005,2.65e-06,3864658,137
2018-11-29,21786069.758776817,18842111.46992945,3599,1711588304.084226,97.93,130600465.0,202428608.2266845,2200.0,0.38563815,11235,166077776739.167,2942,97.83188099510001,3.74e-06,2635957,176
2018-11-30,112626478.22901262,77631953.12956722,3957,1700469855.9710326,97.29,166060949.0,250334337.53157243,1887.5,1.5961827,75255,197334886209.805,4031,104.0238115749,3.9e-06,13971701,151
2018-12-01,43796120.4835263,37906131.44397238,3729,1662259536.2520845,95.11,75286999.0,255605596.73676404,1712.5,0.29558204,9315,213270231698.886,3629,1.7161134806,3.74e-06,1927428,137
2018-12-02,80575114.18471406,57508564.23574026,2555,1625470978.4995515,93.0,108434556.0,272242232.7081934,1925.0,0.23241765,7154,189100341285.202,2091,185.99977959,3.77e-06,1456843,154
2018-12-03,106309231.03901842,69593579.07155707,2578,1745720476.9227185,99.88,79018303.0,283094016.5443565,1737.5,0.1858332,12722,241732387816.55,9403,57.930060407999996,3.81e-06,1913573,139
2018-12-04,103158111.45564675,69064094.78790084,3160,1648535460.9181633,94.32,56754945.0,288670876.9505188,1612.5,0.21049245,7894,203958441509.624,3745,44.283488061599996,3.87e-06,1876885,129
2018-12-05,147720487.5037806,90672517.25784576,3497,1576871184.074383,90.22,75407123.0,293674031.25113064,1887.5,0.24282662,7854,187051062295.942,4054,90.2191808024,3.74e-06,1893082,151
2018-12-06,330478755.83085084,199314281.03719756,4182,1505927879.2246118,86.16,194059088.0,326554093.96005267,1787.5,0.36625132,10231,213756147747.786,6132,129.19922219519998,3.79e-06,2589238,143
2018-12-07,949912001.5800487,577870752.5351222,4248,1809285240.780901,103.52,217760983.0,342180001.31649417,1687.5,0.61072391,10515,185450350584.187,37519,517.5970600320001,3.85e-06,3712689,135
2018-12-08,403174489.77273095,250491967.944333,3224,1814032992.2195988,103.79,76137934.0,344725374.82619005,1775.0,0.20002163,7171,178289786443.912,3618,72.64038224970001,3.34e-06,1673900,142
2018-12-09,391724352.36510414,220793265.36657888,3271,1720084747.8226237,98.42,72826742.0,353859679.09629613,1950.0,0.2031694,5468,194879142006.094,2431,12.735475169200003,2.9400000000000002e-06,1578095,156
2018-12-10,331798580.14441264,221468161.43513602,4264,1704304402.1379566,97.37,63688727.00000001,359707918.78360003,1875.0,0.25950368,7524,198178687729.997,3100,0.0,2.89e-06,2123376,150
2018-12-11,484856375.43538475,287331552.7810344,3672,1669010125.6695478,95.34,63771772.0,360872152.3894238,1512.5,0.15593619,6691,189509007876.853,2493,0.0038136000000000003,2.93e-06,2072228,121
2018-12-12,158000088.86484933,111419827.31826732,2234,1576027390.3671768,90.02,42144081.0,362233230.07260996,1875.0,0.21404476,8541,179836265845.988,4722,54.711781272399996,3.74e-06,1739759,150
2018-12-13,608991293.9948477,302785336.35477656,179093,1553582124.853643,88.73,58473172.0,362605729.4570112,1912.5,1.0592853,8490,179473587788.96,5415,0.0,2.93e-06,49774539,153
2018-12-14,1464724935.027034,155152272.5898297,130199,1372314408.835492,78.37,66921657.0,361053497.6462617,1550.0,0.55366894,7997,206452787968.834,2572,0.0,2.93e-06,36450422,124
2018-12-15,1250688292.9806101,44281793.759739876,4851,1225461084.0158498,69.98,61398931.0,358707089.0758795,1612.5,0.42345742000000003,7042,143759075759.08,2308,0.0,3.11e-06,1909917,129
2018-12-16,897355183.8474084,98493160.18930694,85323,1189544777.3871217,67.92,95335466.0,364982091.4613305,1800.0,1.4206448600000001,6280,146517461053.273,3945,0.0,3.11e-06,25189663,144
2018-12-17,831718497.7919214,82816764.4043583,1958,1375305069.6019583,78.52,106775615.0,367885257.0148522,1912.5,0.5247907,4059,145015160593.896,2765,86.5956822796,4e-06,1009590,153
2018-12-18,937873791.9835957,54579392.357759304,2560,1432062050.2156956,81.75,112996793.99999999,369993709.8909327,1575.0,0.2528359,8184,149982401953.892,2117,78.5016629325,4.49e-06,7669855,126
2018-12-19,652566201.474687,47675916.919131495,2944,1478828878.860825,84.41,188633838.0,372245682.9697659,2012.5,0.13972844,6036,121940265152.603,2659,58.167286366099994,3.1e-06,1578400,161
2018-12-20,421262670.4451793,58573387.05361794,3465,1498026520.2668927,85.5,424270497.0,383223282.3611139,1562.5,1.38496338,6911,134422150212.108,6937,85.499178345,3.11e-06,2386391,125
2018-12-21,220979803.33169827,97616495.02670501,3548,1931334508.4438295,110.22,492080721.00000006,391916099.274319,1987.5,1.4429349200000001,8252,155059538038.602,6638,221.57044607940003,4.44e-06,2381595,159
2018-12-22,63799114.26823481,41438938.29909095,2389,1915943891.7214224,109.33,207087564.0,395811289.1598813,1775.0,0.36591276,5596,158086630117.626,3671,21.7564196343,3.75e-06,1473577,142
2018-12-23,183584686.7993345,86539441.65825383,1704,1910036413.2883987,108.98,168248047.0,396921295.08122456,1750.0,0.21459038,4706,155768492602.639,2658,108.42242780560001,3.74e-06,828523,140
2018-12-24,385779377.41031325,138482544.60973203,24723,1882543737.5932071,107.4,168359714.0,400330559.99150276,1675.0,0.15474984,7253,157494281967.447,25517,0.06444000000000001,0.0,6083342,134
2018-12-25,134349382.72510347,75576652.9053651,292826,1797775667.4082398,102.55,146914405.0,399084353.25699306,1825.0,0.10216181,3431,138727171649.651,292677,0.002857043,2e-08,66323000,146
2018-12-26,111894558.5309447,61153611.75714185,2115,1636933503.1874936,93.37,118701099.0,399365233.5212488,1637.5,0.25993337,3551,132996175559.542,2169,8.3027834602,3e-06,914132,131
2018-12-27,111665700.89303009,75720516.6422108,2759,1662184776.231884,94.8,92318856.0,398278104.0552553,1775.0,0.80817816,4485,123258585781.859,3815,7.976711844,2.64e-06,1205709,142
2018-12-28,146178795.559903,52288823.58909196,3203,1495297954.4690304,85.28,113487961.0,400201187.70308167,1975.0,0.12004761,4954,119899300181.116,1997,0.3700188336,6.36e-06,2238693,158
2018-12-29,106191127.23432986,51928591.23139802,2252,1650194766.0393603,94.1,75204687.0,401563485.73485744,1862.5,0.12815033,6518,153670602555.752,1371,5.569707484,3.5600000000000002e-06,3833625,149
2018-12-30,28594144.86170422,21466009.725828145,2064,1570942393.6670053,89.57,57931119.0,403689241.65023094,1612.5,0.07299291000000001,3478,144939513892.723,1400,2.7874318354999996,3.79e-06,2434781,129
2018-12-31,40102309.205775626,28483876.50453125,1504,1556637189.324388,88.75,52690384.0,403216673.1915098,1700.0,0.18183538,3308,131735112316.996,1537,42.5096480625,3.1e-06,691640,136
2019-01-01,43770676.61627076,32645334.36442246,1889,1487442511.8846323,84.79,108083720.99999999,405023525.04822886,1875.0,0.42476816,4214,122422602206.162,2870,11.8391920882,3.02e-06,940076,150
2019-01-02,78738558.70576744,55281038.358637474,2583,1623593021.0668216,92.54,94042085.0,406201728.4883463,1887.5,0.12030173,4951,133760477509.258,2666,4.970474240200001,3.74e-06,1208697,151
2019-01-03,100704830.26488416,54840715.77321389,463322,1671141217.1962996,95.24,75308623.0,407204313.3926851,1875.0,0.20607881,4624,145062151107.858,462936,0.0001885752,2e-08,104986603,150
2019-01-04,93274640.8473837,52227703.62458285,2194,1548800644.9385052,88.27,66629980.0,407048631.50193805,1787.5,0.15096566,4168,151292250281.637,4316,22.367899581299998,3.1e-06,1025845,143
2019-01-05,77142333.78982505,49666978.72822566,1979,1535242279.1116133,87.48,66121035.0,406951387.6916551,1837.5,0.07281854,3685,145739309356.851,1664,6.411612153600001,3e-06,806544,147
2019-01-06,44812423.185249835,35158656.67706113,194665,1551988572.250498,88.43,57596543.0,406954644.7927301,1712.5,0.44762288,330756,148923377000.69,6000,0.0016182690000000003,1.95e-06,38047804,137
2019-01-07,89603879.61737871,68970241.47827485,2444,1582837504.0886462,90.17,44587533.0,407121986.4257239,1750.0,0.07028419,3862,131936176939.458,2130,2.8909602074,3e-06,932643,140
2019-01-08,105794020.44577199,38968271.788597755,5232,1561474251.7446907,88.95,54825087.0,407865150.1468506,1875.0,0.14754117,6281,135148331103.473,2327,0.0,3.99e-06,2396927,150
2019-01-09,76210546.17250647,42156139.69447936,2658,1539374873.9485292,87.68,44904722.0,408341305.92776287,1737.5,0.36784287,5848,139419346642.399,3369,1.7130900864,2.78e-06,1340317,139
2019-01-10,159905657.72442767,104172642.06947182,2306,1529325638.9212327,87.1,100285980.0,404002451.8468559,1700.0,0.28880968,4913,129895510808.665,2997,6.41894773,3.74e-06,1063499,136
2019-01-11,132910675.61786506,77688469.204321,2452,1327520288.5405836,75.6,73534881.0,404132090.35829616,1737.5,0.060145830000000004,3747,128834381109.107,1817,0.36860594399999996,3.64e-06,1001265,139
2019-01-12,97591247.06527342,39337969.919447124,2711,1318029978.9692028,75.05,176584499.0,405410155.1677641,2137.5,0.11176327,3861,136333917828.316,1882,0.08972978,4e-06,1012335,171
2019-01-13,83303185.59266908,61562328.3074396,2011,1454520057.2113895,82.81,134938585.0,401848602.97996753,1562.5,0.0849758,4748,166479389160.215,1974,13.165826919699999,3.65e-06,1013643,125
2019-01-14,71684816.40714505,40778454.41151365,1934,1387648114.5701132,79.0,87682392.99999999,402816203.78404456,1812.5,0.09619929,4210,135702651418.738,1540,6.10969647,3.7300000000000003e-06,881842,145
2019-01-15,102832635.21993032,58393524.91605807,1771,1413131068.0201447,80.44,61102447.0,402637085.3743972,1850.0,0.07101849,4297,146916515959.264,1881,11.0299094724,3.88e-06,846262,148
2019-01-16,79600242.3677055,53118223.22417144,2340,1360294787.7748084,77.43,66358792.0,403632539.2097054,1687.5,0.10756281000000001,4173,148911977488.492,1932,0.6044139342,2.78e-06,896179,135
2019-01-17,60739547.89957464,39667694.83008144,3457,1372738318.2565024,78.12,62380870.00000001,404049819.438035,1900.0,0.17952641,60024,130702318077.522,56380,0.025165576800000002,4.15e-06,3439876,152
2019-01-18,67465274.0469628,39618568.918907754,7822,1369004514.8420224,77.9,59556650.0,405001025.85946876,1650.0,0.09855349000000001,3351,139497618406.977,1870,0.0,2.6e-06,2269867,132
2019-01-19,47037408.14983113,27751404.889744416,3101,1337972924.4667869,76.13,57607818.0,405276450.9877863,1875.0,0.06097577,2644,122343971394.583,1431,0.0,5.45e-06,1070014,150
2019-01-20,81430387.96580057,49613146.883295685,4396,1360807162.7727635,77.42,57177838.99999999,403901279.44709915,1687.5,0.12526162,4458,137524398084.58,4010,0.0007742000000000001,1.135e-05,1944577,135
2019-01-21,106207782.15010348,60397441.049249575,5212,1326095844.689508,75.44,54569897.0,404434483.0448835,1975.0,0.15048448,5534,149440456298.412,5909,0.0007544,5.45e-06,2000427,158
2019-01-22,96064406.5157281,49510350.97785855,4725,1318763780.2620833,75.02,60200752.0,404509879.46849656,1725.0,0.15347496,6523,142028675335.016,6413,0.0007502,5.7900000000000005e-06,1880798,138
2019-01-23,45651895.327828124,31244214.163695864,6042,1334750836.589886,75.92,57199065.0,404928377.92886734,1700.0,0.19333528,5814,143346118696.945,25500,0.0,1.13e-05,3092655,136
2019-01-24,46787077.1892836,38989095.26462395,6770,1329023654.706119,75.58,57765739.99999999,405459838.22280365,1900.0,0.22319092000000001,12543,128010403917.165,7443,0.011337000000000002,1.01e-05,4607253,152
2019-01-25,85187205.41229515,48440636.69069771,4744,1313384922.9252074,74.69,62356147.0,405997044.4870898,1775.0,0.12390006,9354,138065722819.077,5084,0.20481939940000002,5.12e-06,2913591,142
2019-01-26,70158332.90224051,52990404.09585506,7182,1316113428.9482222,74.83,48715609.0,405129620.2734234,1562.5,0.13997973,5957,138233733814.14,7169,0.0007483,5.12e-06,3838146,125
2019-01-27,127089943.68103974,68316311.75423685,8101,1302439740.2276206,74.05,56898464.00000001,403601233.9266788,1987.5,0.12875294,5849,119157143211.843,7224,0.0007405000000000001,5.12e-06,3831381,159
2019-01-28,197673894.16597778,76536118.06121035,4141,1264487712.965687,71.88,88068769.0,402601747.6677834,1775.0,0.32064868,9081,146591462705.104,5128,0.3643144356,5.3500000000000004e-06,11569709,142
2019-01-29,122668138.94130185,66578106.86501325,3432,1143577699.480642,65.0,86525991.0,401221443.69759375,1800.0,0.15962462,6198,136366432359.128,2637,0.8793629,5.12e-06,5241946,144
2019-01-30,96216933.46556796,55461613.689954676,3870,1117546205.9536004,63.52,90454423.0,402582644.61577165,1825.0,0.19980437,7021,136406389330.903,2986,0.5793938688,5.12e-06,6855128,146
2019-01-31,104943393.79948239,53705776.76460159,8981,1166379041.1980307,66.29,76607875.0,402293441.69874907,1925.0,0.19340044,6603,141494522972.746,8155,0.0006629000000000001,5.12e-06,6193318,154
2019-02-01,36837767.07091967,25165114.184532333,2950,1127308825.260917,64.06,66405205.0,402085385.9609185,1637.5,0.10019219,5275,154781230231.979,2136,0.3890190838,4.42e-06,2953171,131
2019-02-02,34907359.931723684,25340937.01269725,3021,1130445708.2345247,64.23,67771998.0,401487374.69176126,1900.0,0.12820774000000001,4647,140680775705.965,2192,0.0961831404,4.25e-06,4792821,152
2019-02-03,78307457.93087651,33825241.11879249,4215,1155530430.5053358,65.65,58052365.0,400789575.2449283,1687.5,0.07681128,4747,145444902718.073,3067,0.004267250000000001,3.79e-06,2434516,135
2019-02-04,73411090.27221678,39067131.88206438,7607,1124369216.6557143,63.87,49250475.0,400495538.71708655,1650.0,0.17632837,9230,132580626719.693,6692,0.144320652,2.64e-06,5697926,132
2019-02-05,75853128.55880122,30786822.927058637,5913,1106608322.8470626,62.86,48771767.0,400638292.71254027,2100.0,0.12341499,8858,139086309466.989,4788,0.5451898088,2.58e-06,3595253,168
2019-02-06,84795838.15973637,55166080.98275482,3689,1078533956.528224,61.26,146371619.0,398704731.02130204,1525.0,0.17175773,6603,146197438849.288,3356,0.8934299298,3.79e-06,7027805,122
2019-02-07,58270468.31327977,42775386.797519125,3481,1100777387.20656,62.51,92434471.0,398941924.4070636,1787.5,0.14747212,6229,126505365264.028,3959,1.0849648165999999,3.79e-06,3505465,143
2019-02-08,132307624.50627102,89294364.4601154,4415,1100310501.4006534,62.48,94084306.0,450433075.9328758,1800.0,0.10559104,6943,124160555123.206,4093,0.7798622392,3.79e-06,3796645,144
2019-02-09,59713070.797522865,28920843.537467558,5683,1187178432.701316,67.41,72906743.0,450726363.9231461,1975.0,0.09985202,6943,130467014000.181,4988,0.3732040053,5.12e-06,3235555,158
2019-02-10,75792716.68814741,46791588.02994636,2947,1162733057.7926738,66.01,80275617.0,451112429.99717486,1625.0,0.08594791,4535,136888260483.788,2020,0.6568615494000001,5.12e-06,2984976,130
2019-02-11,43577273.31704703,34386620.56055679,2339,1175934240.245614,66.76,71458349.0,450996442.906992,1750.0,0.09677531,4663,130394689374.281,1947,2.3651953108000003,4.86e-06,2873759,140
2019-02-12,67800719.59101743,42043854.73740792,3959,1143926630.7459543,64.93,64185736.0,451677739.8152226,1937.5,0.1057969,6480,135668851399.282,3223,0.9120236618,3e-06,2434405,155
2019-02-13,84070081.12818056,50715667.90015409,6447,1155854858.6336172,65.6,59144580.0,446278935.9191408,1725.0,0.14302108,6279,138379862816.93,6130,0.000358176,5.12e-06,3850783,138
2019-02-14,200670872.36613712,96090183.4090975,5009,1137201006.9569378,64.54,59115294.0,444332532.1161916,1837.5,0.11062128,20691,142053654248.424,14720,18.9324430582,3.79e-06,2742552,147
2019-02-15,91867910.48569612,62855259.56012325,5543,1105184837.9067307,62.71,69091467.0,446777686.97907054,1600.0,0.17129143,59837,136324193504.69,52563,31.762268840799997,3.68e-06,6326330,128
2019-02-16,96129332.25551346,48521538.921490036,32020,1098878113.8954887,62.35,71658497.0,447006389.0159274,1850.0,0.24858561,37653,115171219126.175,60806,0.00034043100000000003,5.12e-06,12532775,148
2019-02-17,82116733.73331998,29812504.336130857,3220,1098093842.50676,62.3,83425628.0,447386548.38543123,1950.0,0.16288326,28525,128430887283.346,24510,15.528564694999998,4.24e-06,6683833,156
2019-02-18,134025570.9315485,54569035.54478107,5395,1118444006.374723,63.45,172847783.0,450644011.89429253,1837.5,0.2429588,27742,137074394998.515,22542,3.3462546525000003,3.74e-06,5719125,147
2019-02-19,177010490.75815058,97242626.57285596,3375,1193559943.584737,67.7,137410469.0,451496786.8673778,1575.0,0.19747399000000002,18767,138991464714.222,14755,26.361124842000002,4.31e-06,5039583,126
2019-02-20,107495650.9513531,56076192.83192599,4601,1182630449.2752593,67.07,102500845.0,451870344.83862484,1912.5,0.19311387,16496,118470125788.507,12090,1.8983881805999998,2.96e-06,3064544,153
2019-02-21,106994191.2314438,74479197.11280023,4224,1190433091.90442,67.51,84290326.0,451203769.9095523,1437.5,0.19296791,15122,112273917886.582,10427,2.0378717122000003,2.58e-06,6954678,115
2019-02-22,88005975.81864704,60639303.37010125,4833,1151867463.1158278,65.32,73661306.0,451810913.4238081,2037.5,0.10935811000000001,13025,107455096947.804,8627,1.3848617308,2.58e-06,4410949,163
2019-02-23,61568726.37399791,46220762.44084701,3924,1161167853.3826013,65.84,93440728.0,452746170.2476373,1737.5,0.16799464,10165,113540414644.701,5907,1.7556453272,3.33e-06,8787353,139
2019-02-24,228533919.68177098,93919180.7043397,4586,1219229502.4941175,69.12,132163469.0,451942667.5275517,1800.0,0.18825403000000002,11219,110738450608.396,7175,1.6377472512000002,3.27e-06,3382815,144
2019-02-25,140767926.982927,70376370.68896817,3387,1080100873.4418774,61.23,189035735.0,454604956.4143638,1837.5,0.18172619,9218,108918589686.331,5442,6.3457308603,3.74e-06,2574343,147
2019-02-26,152876644.95838696,87100937.9693208,5424,1205342302.8350763,68.32,224567303.0,459454537.0713843,1825.0,0.28673196,11863,109541408736.015,7034,2.2080163167999998,3.41e-06,12969758,146
2019-02-27,142964832.64141124,68670851.5758724,5968,1313941091.4345713,74.47,122067413.0,459470553.89217746,1787.5,1.26130922,10215,118753423391.491,4496,1.9684848722,3.44e-06,112532677,143
2019-02-28,87606371.33146499,51401987.51957152,4966,1196680456.613785,67.82,94004768.0,459498374.4803042,1725.0,0.39152833000000004,10015,109130029276.02,4298,2.9366046436,2.58e-06,30329002,138
2019-03-01,57157000.69931372,31248849.126050524,4898,1186755092.9701493,67.25,79611503.0,459657684.88715553,1887.5,0.20757308,8835,112645469210.294,6136,2.04625879,2.58e-06,13187107,151
2019-03-02,48272507.49447512,30988755.608768083,4345,1180116823.714243,66.86,70341089.0,459750127.5017499,1825.0,0.29359226,7212,128995880472.569,3515,2.6570016908,2.58e-06,18325286,146
2019-03-03,48349033.40223158,40066211.97202079,4700,1181127305.046323,66.91,77359163.0,459643592.7333909,1787.5,0.11730341,7917,129099170670.588,4074,3.3819231276,2.58e-06,5395176,143
2019-03-04,52974713.037149526,35200758.49627697,5701,1153297193.3543963,65.33,83033489.0,459204171.5826283,1725.0,0.23505413,7972,127390948252.092,5011,1.3038744324,3.34e-06,13960102,138
2019-03-05,92878115.9535024,42076571.02687272,4604,1119741399.0873961,63.42,108532649.0,460041320.2963613,1962.5,0.19393551,7143,116939854388.716,3432,1.9867018961999998,2.59e-06,11852148,157
2019-03-06,49190905.40961941,36974940.65830107,3602,1186026294.6945152,67.17,83949274.0,460394427.63051665,1675.0,0.17659427,5554,119423168772.9,2208,6.795445827900001,2.59e-06,10087151,134
2019-03-07,100491118.9573876,56536378.094011426,13391,1182527970.5338018,66.97,80228565.0,462822152.5436337,1837.5,0.30633017,7520,139054524873.512,13306,0.0773028013,3.89e-06,20305619,147
2019-03-08,103624521.04856925,66093030.93332692,10771,1181519874.6149156,66.9,103991079.0,462979217.65153193,1462.5,0.22676472,6180,116100030753.67,10276,0.07050524100000001,3.89e-06,14724908,117
2019-03-09,54743928.20797756,33307681.197658267,4017,1159162243.954171,65.63,81346906.0,463406083.5735247,2037.5,0.2074742,5437,102865608892.34,2480,2.1078406788999997,2.58e-06,12205746,163
2019-03-10,52359875.570720725,35855694.043782465,4003,1181227438.0844185,66.87,73421603.0,464213687.99005926,1762.5,0.16168863,4814,123518023261.376,1952,1.6081512804000002,2.78e-06,10332138,141
2019-03-11,75471940.30082934,50211148.1053684,5124,912596842.4864451,66.81,126738128.0,463838148.48443425,1750.0,0.46541335,6117,117648193526.766,4109,0.5685223674,3.41e-06,39401686,140
2019-03-12,44180219.90917177,33863746.69946304,5682,1152809848.5077462,65.25,57798152.0,468320504.61200726,1687.5,0.69940918,6549,107421858578.145,4855,0.0403812675,3.89e-06,43423563,135
2019-03-13,40492635.054743685,30873723.20809724,6561,1164833144.366882,65.92,54907880.0,467974038.90671974,1937.5,0.48605151,5871,98756545741.2498,4635,0.0109664512,3.79e-06,43518370,155
2019-03-14,79157003.33086178,53258765.415436275,3627,1148465413.7878375,64.99,93890837.0,467717586.1582561,1800.0,0.39407526,5476,107358295462.866,1902,2.1806855083,2.65e-06,33759556,144
2019-03-15,51295923.32811563,33770864.97213317,3441,1169976848.4384694,66.21,107343633.0,469838057.75657874,1850.0,0.25972325,5385,118093741569.886,2018,4.9993535612999995,2.78e-06,15766975,148
2019-03-16,59478594.68633183,31197709.137119334,3901,1195999476.81067,67.68,247381332.0,470111243.5566624,1575.0,0.21643159,5185,111049426761.314,4275,3.6934404048000005,3e-06,11038649,126
2019-03-17,44884838.67095097,30696613.900187418,3545,1218856405.6944647,68.98,88594646.0,470454261.9306641,1962.5,0.15997926,6929,104269857410.51,4264,5.182846790000001,2.59e-06,7625744,157
2019-03-18,101843048.89121154,57616117.3328064,4267,1211256807.955255,68.55,116157796.0,470698624.45018375,1587.5,0.6555210300000001,6046,110516127501.726,2583,5.476408773,3.22e-06,33125890,127
2019-03-19,77209050.59270997,42308697.41690055,4135,1188278307.5685337,67.25,94744734.0,470835158.26865304,2025.0,0.29325899,5190,108628046054.332,2824,1.0687087549999998,2.5e-06,11144744,162
2019-03-20,73604315.64464177,47091128.401810326,4470,1186879734.5151832,67.17,87084621.0,471018112.16769654,1412.5,0.7081490300000001,5545,106703977490.621,2849,3.3449256147,3.41e-06,58469629,113
2019-03-21,53676017.92313787,43236528.797602795,4379,1181775792.0291173,66.88,111105005.0,473378057.61565745,2012.5,0.63273258,6619,93104041847.8068,2936,2.314987664,2.78e-06,53055541,161
2019-03-22,27428794.571990196,22168552.696577396,5727,1163749858.6692677,65.86,95048996.0,474040336.22790253,1650.0,2.32488672,8205,92875355424.6862,2603,16.075112751600003,1.12e-05,210853280,132
2019-03-23,43047325.37159528,26269588.329496954,7449,1176823195.1818314,66.6,104157457.0,474585888.92990214,1975.0,3.74016885,8764,110621560656.958,4120,5.187280194,0.00083563,343796955,158
2019-03-24,28859428.791868947,18300454.455879435,7226,1189889860.5813107,67.34,78083330.0,474753268.3552653,1775.0,2.69785723,9201,112769618046.669,5499,0.296605764,7.33e-06,265237141,142
2019-03-25,65906664.77368572,38829864.03001869,8038,1166795166.5003104,66.03,101968755.0,474754779.36055565,1875.0,3.4689993500000003,9487,120984845853.808,4814,4.8317214792,1.7e-05,339915168,150
2019-03-26,75651733.78334008,33134781.746728987,6697,1137779710.7751045,64.39,102461049.0,475866928.1479729,1850.0,0.50832048,6072,123732784773.439,4851,0.0008370700000000001,2.3200000000000002e-06,38300695,148
2019-03-27,59846385.01156368,38739304.91865058,6386,1139658295.0931394,64.5,100937303.0,475729201.0250866,1650.0,1.88024138,8047,128676732840.55,6373,0.90574899,3.89e-06,163114024,132
2019-03-28,67321809.5514422,24923002.84416303,7028,1166426921.9253247,66.01,82857486.0,475715714.51684886,1725.0,3.37071049,8761,111935444464.873,4476,2.1859878201000003,0.0001,320629464,138
2019-03-29,60846573.465864286,39791291.242912166,8198,1142993003.8993165,64.68,100661362.0,482201756.293081,1637.5,4.18129809,11185,100599168322.747,5326,0.24939961200000005,0.00090286,392076591,131
2019-03-30,33496756.219912127,25633772.764052514,27219,1135292143.1982467,64.25,81489759.0,482561726.4112558,1987.5,2.7947446400000002,13602,90941455148.356,7252,0.0,3.24e-06,250147788,159
2019-03-31,29168757.63409496,16263634.24497412,19108,1148961704.8688827,65.02,65214626.0,482808601.6668285,1950.0,7.83845066,23425,107011463436.876,25295,0.043288365399999994,6e-06,776701359,156
2019-04-01,69635323.92930849,41172439.48168938,4993,1148063685.9258475,64.97,87877273.0,483601777.0515554,1937.5,1.09918856,6003,124882498024.346,3831,0.34688652459999997,2.78e-06,65255983,155
2019-04-02,137948715.6718983,67555536.57464744,7814,1168006414.935938,66.1,329007780.0,486967032.34219813,1600.0,1.5415603,17842,128799049547.109,6016,0.722954208,4.31e-06,123601948,128
2019-04-03,194370542.47250763,106612080.85868634,10711,1389631016.1725779,78.64,654020727.0,495007727.54026526,1812.5,1.10207072,14839,117512057573.848,7845,0.8531071664000001,3.4e-06,42711069,145
2019-04-04,105400584.75095572,66859402.71243585,9688,1457876648.9457831,82.5,360592951.99999994,497560512.82950485,1900.0,0.31312814,11526,120300637868.164,7983,0.153356775,3e-06,13580013,152
2019-04-05,45997416.059937716,34451676.20599319,11222,1464937088.3538904,82.9,174697160.00000003,502418866.51032525,1687.5,1.2857314100000001,8978,125176199546.356,9255,0.058946874,4.1e-06,62084106,135
2019-04-06,89057924.51005138,64513311.21663036,13712,1490105661.2827783,84.33,188899708.99999997,503103502.55927354,1700.0,0.44825846,9111,110280508092.965,11908,0.0183771936,3.24e-06,35176125,136
2019-04-07,52456141.09948574,30488024.874012053,19449,1495852177.8382132,84.65,176075347.0,503769107.7188072,1650.0,1.70430789,16414,105180740496.463,21218,0.011082378,2.61e-06,161883005,132
2019-04-08,136749623.97698277,73074146.96489272,51307,1529578094.8333335,86.34,171370508.0,504324057.97283244,1962.5,0.9019606800000001,14305,96689488030.2551,56389,0.00047141640000000003,2.9400000000000002e-06,79946501,157
2019-04-09,101725772.66520087,40294939.04034124,107060,1473486178.455944,83.16,134536135.0,504514734.0851928,1750.0,2.5048872,14998,110999145492.017,115614,0.0004540536,2.9400000000000002e-06,239818072,140
2019-04-10,31556460.054995827,20650087.14333345,87649,1393756717.3263395,78.66,123540292.0,504876441.7173308,1737.5,1.43375458,11315,110805617369.233,68066,0.0004294836,2.9400000000000002e-06,133571198,139
2019-04-11,113695514.97477318,66908869.48027257,50669,1418924903.7018814,80.07,199924705.00000003,503886414.648246,1912.5,0.58271937,9138,103218873532.292,43084,0.0004371822,2.9400000000000002e-06,42955870,153
2019-04-12,143852936.52434736,55226691.5625101,8140,1271933385.4533238,71.77,143465843.0,503905883.5578578,1712.5,0.51002587,7046,103802345070.439,4146,0.0007177,4.57e-06,32628899,137
2019-04-13,91378840.1284121,47146063.66518896,9040,1265845437.990852,71.42,96837329.0,506784683.8538957,1662.5,0.53900371,10822,104194730959.177,7094,0.0021426,4.57e-06,23708056,133
2019-04-14,56574184.905480735,29011865.217914447,10674,1240095941.9856439,69.96,83823672.0,507524023.501186,1937.5,0.29842383,7418,96453495986.5945,8476,0.006996,4.44e-06,17830625,155
2019-04-15,167286101.5623607,102405150.42122035,59003,1259599455.0413222,71.05,237454559.0,500157359.06165034,1825.0,1.38622313,16499,104750691552.541,223883,0.00043269449999999997,2.37e-06,34815185,146
2019-04-16,300173003.62730145,159527321.9618639,330543,1051319431.1014442,59.3,191336609.0,494250150.19315565,1662.5,1.5607400200000001,33053,105741867810.504,149531,0.000323778,2.9400000000000002e-06,112023659,133
2019-04-17,143069522.60496467,79721943.23448169,17377,1016762817.620889,57.34,119936671.0,494205245.3761291,1862.5,0.93497704,13061,101113340699.593,507679,0.0481656,5.77e-06,75705299,149
2019-04-18,159681761.50108778,99142546.5107079,1121172,981242979.213313,55.33,175668105.0,497019563.0762205,1700.0,15.07317446,27186,95319898556.7847,713079,0.0003021018,2.9400000000000002e-06,445911069,136
2019-04-19,102838353.61970982,62237511.34682585,117974,1055196753.922559,59.5,118232833.0,501469600.55798787,1875.0,1.18899579,14418,95465688565.2383,10283,0.00032487,2.9400000000000002e-06,105063583,150
2019-04-20,98289815.8291236,66726182.12073126,8918,1053642347.3259575,59.4,97374625.0,501804389.5422624,1712.5,0.40752193000000003,11133,90988284826.4121,7416,0.0,4.95e-06,32295517,137
2019-04-21,156655326.11366025,59070538.73600331,17078,1042448782.232209,58.77,123194177.0,501322074.94260955,1837.5,0.43935604,15197,93719259627.2564,838817,0.0493668,3.66e-05,37564175,147
2019-04-22,231003040.13718235,85931151.42838398,23235,1004316988.6502335,56.61,106421505.0,501291157.7020497,1662.5,0.79725216,9299,87211985882.6765,974744,0.0475524,5.72e-06,64091681,133
2019-04-23,230341865.33132276,74045500.59693041,12048,1025897325.3758212,57.82,94085913.0,499982197.11641216,2025.0,0.45152179000000003,10316,92710534369.8638,63189,0.0005782000000000001,4.95e-06,32230071,162
2019-04-24,227654080.95232025,103332646.02363248,23059,999485559.5696858,56.33,122432498.0,499020411.196468,1312.5,0.5802978,16765,90114512194.9964,8681,0.0,1.94e-06,22938832,105
2019-04-25,131436727.21571691,57671118.48638652,14102,961634149.3966926,54.19,119815217.0,497690561.80250406,1887.5,0.26780614,9324,68498654012.1841,7120,0.0,3.58e-06,17810056,151
2019-04-26,116421939.80835783,84761257.54348455,9205,914135331.6809062,51.51,147698251.0,497909331.79924124,1712.5,0.27417596,6409,69470385520.319,4527,0.0,4.96e-06,9659075,137
2019-04-27,71227424.28207795,45438332.3112707,10676,956131718.8249542,53.87,92755636.0,497946030.48306143,1975.0,0.27188954,7676,69285591708.5767,6896,0.0,4.95e-06,12850386,158
2019-04-28,105622007.34632133,54125796.59862729,9336,967450810.0221076,54.5,97437821.0,497639284.2843921,1675.0,0.23987832,5309,76775021786.797,2712,0.0,4.96e-06,15658801,134
2019-04-29,97244102.76938716,58539769.70819189,11729,963732751.2151659,54.28,104679316.0,498725620.3879268,1800.0,2.60982791,13063,77794593520.1452,9768,0.0,4.95e-06,20572265,144
2019-04-30,81802796.65944605,38989592.255688235,10235,937172397.680753,52.78,113908288.0,498342865.31511956,1987.5,0.41519986000000003,15092,76015453343.9283,4317,0.0,4.96e-06,15949441,159
2019-05-01,73122173.39006546,41718573.39211424,10028,962455202.9665608,54.2,106057394.0,497802558.0526543,1837.5,0.24252637000000002,7368,89949310685.7077,11756,0.0,4.96e-06,11521095,147
2019-05-02,81442690.6952123,63382147.38817068,10848,950031741.9552127,53.5,95570062.0,497086741.7104987,1600.0,0.34733778,7311,87792775208.6326,10851,0.0,4.96e-06,20021770,128
2019-05-03,77441165.17852351,40108883.43449035,10879,943763756.7363368,53.14,123618537.00000001,497162023.91444224,1937.5,0.28960427,10143,82547855083.3141,13594,0.0,4.96e-06,13999230,155
2019-05-04,107753832.96736723,55583780.33510477,12555,961927616.5499346,54.17,122251185.99999999,497263706.09371567,1750.0,2.4577501600000002,8965,84789034231.7042,8062,0.0,4.97e-06,239252242,140
2019-05-05,89535674.6824547,42274914.240618266,12060,951896772.2562431,53.59,89974873.0,497291008.55335283,1800.0,1.6371248600000001,8783,88657362196.2948,6714,0.0,4.96e-06,138504365,144
2019-05-06,84794642.69658807,42661922.073146634,19575,952975781.4753975,53.64,98035276.0,497299164.8565558,1762.5,1.7286667900000001,7126,86313211283.7162,43550,0.0026820000000000004,3.6900000000000002e-06,160714819,141
2019-05-07,71906495.8348382,32484682.313282494,14516,938176122.0,52.8,97303577.0,494117980.3383667,1700.0,0.24143397,6340,84037127644.8593,2663,0.0,4.8200000000000004e-06,16089282,136
2019-05-08,38102312.74910515,36095177.383991145,10084,936635479.5195464,52.71,133689049.99999999,495133596.3141762,2000.0,0.25169514,5344,79163549966.9998,2619,0.0,4.96e-06,9633286,160
2019-05-09,48637093.80994291,46292728.87728077,10985,1049604310.8184701,59.06,124125121.00000001,496508329.41534543,1650.0,0.29555692,7267,85505804053.2684,28250,0.0,4.96e-06,12403237,132
2019-05-10,42575638.42300647,41088272.04385674,17327,1008004999.939174,56.71,108481767.0,499511539.5381447,2312.5,0.37391366,8174,124574738183.658,5397,0.0,4.92e-06,22107759,185
2019-05-11,48002511.82512695,47652744.27242784,14028,1028089257.9904873,57.84,201908379.0,506931150.68780464,1650.0,0.25329306,6642,159065061315.53,44180,0.0,4.96e-06,10478304,132
2019-05-12,26868782.339529756,24805728.657162316,32950,1083923667.5878787,60.97,194447328.0,506631024.4254316,1412.5,0.42558681,8170,125860404211.335,23443,0.00036582,2.62e-06,15252908,113
2019-05-13,18302904.25119907,17532239.01361721,23481,1026758991.7383394,57.75,179303818.0,507362257.1423912,1900.0,0.6935352300000001,8188,95567444189.2979,6663,0.0,4.93e-06,51704922,152
2019-05-14,29548586.0324913,27357233.88981412,20781,1074858344.6986554,60.45,213959690.0,508828474.92687446,1475.0,0.42378285,7925,105048405431.816,4282,0.0,4.95e-06,11289851,118
2019-05-15,80518536.07373834,22905460.366356365,18570,1073297682.1979654,60.36,237979817.0,512579876.8966388,1612.5,0.30590839000000003,7958,75351881548.5819,4022,0.0,4.96e-06,10276353,129
2019-05-16,247674402.08822742,52433622.06123915,19401,1289571662.6265247,72.52,278082971.0,512924573.763319,1875.0,0.32131087,8928,70163143891.0516,4084,0.0,4.96e-06,13128601,150
2019-05-17,119591917.8373567,63558457.65194743,19501,1150755449.593833,64.7,204200358.0,512517229.2021676,1600.0,0.35766185,12015,70834457321.0725,2883,0.0,4.96e-06,15540171,128
2019-05-18,69966137.5536981,28068596.40040253,19695,1068760663.336579,60.09,109057663.0,512685152.4295727,1875.0,0.25377004000000003,5956,66234785441.9656,2239,0.0,4.96e-06,14300179,150
2019-05-19,87650015.69950879,34569491.24550644,21171,1059291350.8279964,59.55,180383225.0,513946564.67665815,1775.0,0.33982821,6880,64460901159.8134,3022,0.0,4.96e-06,23876524,142
2019-05-20,70853997.37207967,39598755.552559234,22405,1166717186.1311164,65.58,133817626.0,514667142.35914236,2012.5,0.23245994,5987,66931262998.4795,2815,0.0,4.96e-06,14762159,161
2019-05-21,154145466.0335579,96791680.91512446,28092,1123974592.5592635,63.17,849739777.0,542748708.3890202,1737.5,1.22055058,14360,74423649109.6952,10092,0.0,4.96e-06,87561376,139
2019-05-22,205942879.51091868,147390499.7961742,28752,1855676150.1258714,104.28,645603421.0,554989383.3367517,1925.0,0.70945972,13515,86511299251.9442,6350,0.0,4.96e-06,18128154,154
2019-05-23,111145555.8245645,79166086.54495676,29714,1865222874.7457745,104.81,311327876.0,555622789.4904815,1675.0,1.11729282,13619,84863470948.2598,6267,0.0,4.96e-06,73212953,134
2019-05-24,140021824.87284076,105132189.71507148,32000,1810559189.2517414,101.73,263760378.00000003,556820249.3011909,1875.0,0.47116238,11919,85735354794.8541,8890,0.0,4.96e-06,27924574,150
2019-05-25,120644809.22290662,72645931.49091563,39952,1763276353.8295991,99.07,232005986.0,556598744.1746804,1712.5,0.35314884,11173,87943972305.219,17358,0.0,4.93e-06,21244758,137
2019-05-26,141633765.6875846,79754172.55538957,41613,1652415619.7499998,92.82,395277784.0,562191020.169785,1987.5,0.54557624,12612,83787527164.431,12403,0.0,4.95e-06,31501598,159
2019-05-27,179527507.45973802,104021946.77911223,36922,1892306573.0196497,106.29,464164742.00000006,567156330.9911745,1650.0,0.54015544,13199,88546206327.7448,12109,0.0,4.96e-06,22911896,132
2019-05-28,245470202.3230938,150470911.72332403,40610,2078832951.5077229,116.76,360355881.0,576161015.5471374,1675.0,0.88150304,14602,83953103294.2574,12743,0.0,4.95e-06,63313667,134
2019-05-29,325309216.2533169,195459971.70969105,38655,2167106365.21201,121.7,1372257576.0,630532939.3028424,2412.5,1.18066486,16899,98141033958.0504,8934,0.0,4.96e-06,61002736,193
2019-05-30,935195612.4605265,402045765.8873379,39793,3581346150.1342716,201.1,1701098407.9999998,651884363.9679732,1737.5,1.0339949,23561,153293331576.236,11436,0.0,4.96e-06,21267996,139
2019-05-31,462375290.89103055,357895216.86599094,41339,3289583002.554778,184.7,860474026.0,672184677.7546571,1487.5,0.6251097,26982,145446657416.314,11817,0.0,4.96e-06,24304706,119
2019-06-01,380750957.30691093,285842797.47227496,45836,3487326714.871879,195.78,443075483.00000006,673122150.2762524,1837.5,0.63073606,30809,152420856023.665,14290,0.0,4.95e-06,36046737,147
2019-06-02,180915727.60463518,142096127.27574986,43351,3367561225.683596,189.04,399065617.0,691473818.7031529,1925.0,0.60074899,22528,142524650731.95,11490,0.0,4.96e-06,41630384,154
2019-06-03,313447648.5436764,218141115.89875373,42745,3420138856.8408594,191.97,1276844770.0,724893893.2349626,1975.0,0.59296282,24536,159206554102.786,12077,0.0,4.96e-06,18912353,158
2019-06-04,307302486.0557512,215243539.02466965,44862,3931617347.028442,220.65,1041376694.0000001,743798818.9421024,1987.5,1.5104015100000001,28103,188208304804.273,12355,0.0,4.96e-06,89116164,159
2019-06-05,607240865.2324426,472591152.46857834,43134,4084967617.3149076,229.24,908076210.0,759734784.3745849,1662.5,0.78263892,19657,196382373179.506,9731,0.0,3.58e-06,45558229,133
2019-06-06,648311513.3147168,467186856.4002423,43572,3876764246.7631817,217.53,804600969.0,754465461.8673947,1662.5,0.49240619,13991,180402431324.362,6319,0.0,3.58e-06,18888009,133
2019-06-07,221801759.93734798,147463702.650624,46001,3564734104.3239536,200.0,645656461.0,761440079.0799289,1962.5,0.35093003,14985,177885765207.941,7269,0.0,3.58e-06,18515720,157
2019-06-08,299475998.00361,238627520.88537702,48993,3634364791.5414963,203.89,490959287.0,759900935.2234055,1912.5,0.36672805,11588,172817843949.115,4820,0.0,3.58e-06,24468835,153
2019-06-09,261379187.55134228,191738548.5383201,50426,3483844306.6318173,195.42,486304407.00000006,757722705.0146053,1762.5,0.65285445,13449,173597766032.516,5695,0.0,3.58e-06,52590381,141
2019-06-10,245202145.75205678,172971399.2775323,50860,3301913963.636364,185.2,521254229.0,762775587.1529533,1675.0,0.31666406,11432,173798168867.885,4763,0.0,3.58e-06,19668337,134
2019-06-11,315027264.43235445,225717008.18784517,48027,3427715837.959732,192.24,374841356.0,764467080.3074068,1687.5,0.30638277,11058,164871523590.795,4754,0.0,3.58e-06,19701544,135
2019-06-12,226710276.3822686,152488935.8845563,50413,3318922466.807177,186.12,400363266.0,767487596.5146831,1700.0,0.42631544,9488,165325551868.536,6840,0.0,3.58e-06,28303010,136
2019-06-13,264277095.47092304,191820693.45143354,48735,3378829527.0673985,189.46,620178218.0,778793279.6741848,1937.5,0.55089003,9593,171631570347.037,3776,0.0,3.58e-06,19514093,155
2019-06-14,256842165.57035217,191380839.20239997,50361,3798415847.700352,212.96,484575773.0,793602700.237723,1875.0,0.321265,8737,185280670994.735,3511,0.0,3.58e-06,19409949,150
2019-06-15,243152015.54880497,167233620.26081616,52750,3843163353.248773,215.45,393473435.0,798194526.3144559,1675.0,0.39195392,10289,174065268538.103,3901,0.0,3.58e-06,24570241,134
2019-06-16,225588010.01243708,158394399.81445566,56046,3744688698.042136,209.91,459971394.0,801624476.034886,1812.5,0.33663711,9663,165435556869.283,3416,0.0,3.58e-06,23089494,145
2019-06-17,354618374.6336404,278398746.90038097,56432,3784755879.627424,212.13,486086956.99999994,809374552.842598,1812.5,0.45378466,11041,162199164432.969,8990,0.0,3.58e-06,26329281,145
2019-06-18,273017453.2090039,184861325.89589855,57895,4021292628.164764,225.37,409787530.0,812086654.9831493,1862.5,0.32863927,10199,168053241680.281,3749,0.0,3.58e-06,22008676,149
2019-06-19,271211147.7312229,195124016.05334166,59724,3977757468.5972643,222.91,282370528.0,818876906.0053988,1587.5,0.47912433,10775,174370152067.517,4430,0.0,3.58e-06,27248689,127
2019-06-20,400179287.71488,300567521.32731956,54854,4003776994.051325,224.34,418563454.0,822561897.7194273,1825.0,0.42123753,11755,163297316604.095,4343,0.0,3.58e-06,25479157,146
2019-06-21,390705723.44954,317610244.4603688,68184,3873216390.665767,217.0,463710554.0,855384903.0625403,1787.5,0.47671951,10974,155671843191.263,3606,0.0,3.58e-06,32989344,143
2019-06-22,451761853.3847599,323155776.18159044,63766,3971591193.1798697,222.49,790157733.0,867608514.3881832,1850.0,0.47546549,12343,149688109765.994,4327,0.0,3.58e-06,31424836,148
2019-06-23,308776288.4599546,239169327.5576206,57252,4258203958.5923243,238.53,481450076.0,870917159.9043944,1787.5,0.44582879000000003,11159,159776104985.574,3805,0.0,3.58e-06,29231359,143
2019-06-24,387078365.86304283,319508889.01941574,69060,4237890304.438378,237.37,429771128.0,875364328.829277,1637.5,0.46252543,14279,152944931281.989,4075,0.0,3.58e-06,35062720,131
2019-06-25,214086230.39690676,149237783.33264247,70985,4202058249.69784,235.34,503047721.00000006,878751452.794817,1800.0,0.86691755,13162,142014211733.586,4511,0.0,3.58e-06,72929530,144
2019-06-26,566567897.2480228,401334620.9479189,71812,4249749210.06922,238.02,944584216.0,975656926.4086736,1662.5,0.90465511,140458,125675970825.874,7454,0.0,3.58e-06,57295466,133
2019-06-27,585729708.0093901,481888051.1972259,75037,3919697096.09482,219.53,824199502.0,966265951.2854934,1975.0,0.6126077600000001,16509,121388433661.645,8459,0.0,3.58e-06,37160113,158
2019-06-28,167039349.03828865,134717558.32312644,75350,3524532538.9920025,197.4,710425552.0,973412485.181885,1650.0,0.64842283,15374,135572116918.888,6303,0.0,3.58e-06,48360211,132
2019-06-29,152048133.18547368,105230915.91715012,78276,3765583240.863034,210.9,494932038.0,977053074.7438837,1937.5,0.81228245,14901,135529340562.203,5852,0.0,3.58e-06,62778961,155
2019-06-30,502503771.2831522,410386458.4827236,78094,3829956202.530896,214.5,474619499.0,971134993.6205313,1837.5,0.45189313000000003,14548,133367798065.973,5317,0.0,3.58e-06,35875915,147
2019-07-01,343608213.3007148,267879622.0516313,76991,3467444452.7940054,194.2,472842296.99999994,969369316.3970568,1837.5,0.50454056,14029,135687386347.022,4966,0.0,3.58e-06,40850835,147
2019-07-02,116544470.93378735,104164315.56388508,79221,3528273534.7484317,197.61,440032169.00000006,967956256.1064775,1700.0,0.52102493,17341,142412715049.84,6778,0.0,3.58e-06,41854846,136
2019-07-03,93943907.5686299,82534367.02528702,79015,3500180301.647431,196.03,387613310.0,971436853.693388,1712.5,0.86407475,21851,134380079645.034,9345,0.0,3.58e-06,73945517,137
2019-07-04,278793085.83365566,218589994.88077015,84739,3642122902.0035663,203.98,343528997.0,975587748.3849639,1862.5,0.9077560100000001,21659,128085038795.797,13407,0.0,3.58e-06,81929304,149
2019-07-05,73296415.60778855,63667396.0253936,85909,3501291230.2828097,196.1,342311892.0,977290037.2907653,1850.0,1.05210297,22546,134438755628.902,12646,0.0,3.58e-06,95171898,148
2019-07-06,92053824.60001685,89080123.8143081,90732,3549284983.252774,198.78,294431974.0,979449649.1308792,1787.5,1.5103882,21756,132425187639.526,9922,0.0,3.58e-06,143485501,143
2019-07-07,83801559.79583624,79030015.70507917,89820,3543187313.028915,198.44,321610434.0,981093129.6772112,1812.5,3.3177849,21242,134677765060.655,14307,0.0,3.58e-06,323997978,145
2019-07-08,120404408.69201107,86661490.76777819,88308,3565665187.4338737,199.7,335586229.0,983213020.3063706,1437.5,0.897284,22181,131510770146.662,10946,0.0,3.58e-06,77341144,115
2019-07-09,189060862.99401814,136984326.9039038,90686,3596296506.745385,201.42,415041486.0,992144791.8637086,1925.0,0.94429101,35737,133793343331.323,10444,0.0,3.58e-06,75889523,154
2019-07-10,303178385.3859046,237670496.15442067,94366,3659287394.3580484,204.95,417095458.0,994859858.4113955,1912.5,1.4506304700000001,20734,130684617385.203,9634,0.0,3.58e-06,133492313,153
2019-07-11,451010326.01781195,363539492.6561618,92472,3410413348.3395786,191.01,454676972.0,981814044.7410908,1787.5,0.75415809,23776,122815289380.202,9575,0.0,3.58e-06,57996300,143
2019-07-12,257129483.05954465,196405793.36411566,95322,2911889629.7327285,163.09,355403798.0,980119991.1934946,1812.5,0.92592478,21280,122317148661.686,9100,0.0,3.58e-06,62402924,145
2019-07-13,136748709.81859708,95267797.26947643,94438,2975999437.1563067,166.68,274784587.0,978739953.0551196,1787.5,0.71272764,16590,122380068475.114,7114,0.0,3.58e-06,57329273,143
