date,txVolume(USD),txCount,marketcap(USD),price(USD),exchangeVolume(USD),medianTxValue(USD),activeAddresses,paymentCount,blockCount
2017-06-20,,1,,,,,2,1,
2017-06-21,,,,,,,,,
2017-06-22,,,,,,,,,
2017-06-23,,,,,,,,,
2017-06-24,,,,,,,,,
2017-06-25,,,,,,,,,
2017-06-26,,,,,,,,,
2017-06-27,,,,,,,,,
2017-06-28,,,,,,,,,
2017-06-29,,,,,,,,,
2017-06-30,,,,,,,,,
2017-07-01,,,0.0,1.03,13613000.0,,,,
2017-07-02,43805833.207854964,13430,0.0,0.996521,320452000.0,303.3743255324551,8274,13430,
2017-07-03,115767930.243045,25440,435552942.27872866,2.72,414950016.00000006,248.80559106139776,12510,25440,
2017-07-04,64268039.19303879,15360,669328232.5519288,4.1,218559008.0,66.1009344417703,7174,15360,
2017-07-05,77512692.37769468,13733,560701592.64,3.36,124339000.0,3.36,5758,13733,
2017-07-06,96279511.90360974,20241,509157190.5208333,3.01,177463008.0,31.239285,9250,20241,
2017-07-07,47604785.361588776,11415,575649024.3035715,3.35,96596496.0,60.11495994050575,5357,11415,
2017-07-08,82262221.43717407,8490,532857517.27413124,2.82,151162000.0,56.4,3824,8490,
2017-07-09,88548363.17932297,8924,536670870.7423581,2.6,87525104.0,80.60000000000001,4472,8924,
2017-07-10,42827979.99813307,11608,469612058.6065573,2.25,79608800.0,292.5,7129,11608,
2017-07-11,66540266.169011466,13162,375736916.98192775,1.79,111023000.0,197.0356858119106,8069,13162,
2017-07-12,86440534.91061045,18155,349336241.5458937,1.64,104621000.0,307.9798968,11870,18155,
2017-07-13,24739184.278792214,8664,446072451.12643677,2.08,51203900.0,83.2,4446,8664,
2017-07-14,26216280.856523864,10261,376673103.13548386,1.73,41025200.0,112.17131570744789,4836,10261,
2017-07-15,18677267.643557597,7194,342147383.9230769,1.55,34208800.0,84.3295945,3551,7194,
2017-07-16,14510090.073072122,7227,287649603.55200005,1.29,30802800.0,11.61,2884,7227,
2017-07-17,12352143.678980459,7914,279980094.15584415,1.25,62295100.0,0.625,2809,7914,
2017-07-18,18354027.853841294,8893,347780331.54117644,1.54,58107999.99999999,0.0,2850,8893,
2017-07-19,27620826.75119279,8208,387936348.2692308,1.7,55057600.0,0.0,2896,8208,
2017-07-20,23032064.14222704,6403,362706410.4655172,1.57,45949800.0,17.113,2804,6403,
2017-07-21,20821369.831777014,8498,409047898.28571427,1.76,58164900.0,10.56,3471,8498,
2017-07-22,27790392.244205136,11755,426742682.7857143,1.82,41809000.0,182.0,6290,11755,
2017-07-23,30488789.297279775,9791,463160033.5614973,1.96,60205000.0,22.365460050999125,4329,9791,
2017-07-24,36880491.678751305,13750,450431399.7005347,1.88,36585400.0,14.654664202,5695,13750,
2017-07-25,19333392.259302158,9570,452557912.60606056,1.88,42547000.0,0.0,2826,9570,
2017-07-26,32028439.50249913,10056,397881732.7356322,1.64,48693200.0,4.92,3792,10056,
2017-07-27,43100577.678840816,14681,429718157.43589747,1.75,69371696.0,102.5675,7047,14681,
2017-07-28,67773874.79539445,19258,483446361.77297294,1.96,64730400.0,209.57799715861904,9982,19258,
2017-07-29,16073234.92399192,8317,456657340.0,1.83,44021100.0,0.0,2565,8317,
2017-07-30,75470974.01698896,15427,461114072.1404494,1.83,27580200.0,183.0,8317,15427,
2017-07-31,79213795.5736861,24688,448846641.1896552,1.77,29657700.0,353.6586024,15844,24688,
2017-08-01,17060062.068214264,11401,447460603.7921348,1.75,39175500.0,0.0,2766,11401,
2017-08-02,110321000.28024726,9723,458117403.0,1.78,28880800.0,0.0,3028,9723,
2017-08-03,18861870.605530147,8384,463104694.46666664,1.78,25878000.0,0.0,2915,8384,
2017-08-04,23953691.249448728,8456,469643166.2983425,1.8,34183300.0,0.0,2918,8456,
2017-08-05,21431508.343868133,11255,474284931.83246076,1.8,52324800.0,0.0,3968,11255,
2017-08-06,32053351.411661334,11742,506079894.25287354,1.9,38436700.0,0.0,3795,11742,
2017-08-07,22686132.088447012,9376,465585063.85082877,1.73,46022400.0,0.0,3127,9376,
2017-08-08,31203340.863533624,9449,490781499.03723407,1.81,76270800.0,0.0,3350,9449,
2017-08-09,17732397.193361655,9126,513729768.7650272,1.88,36813700.0,0.0,2848,9126,
2017-08-10,15401801.58168567,7636,502700731.00000006,1.83,43519300.0,0.0,2739,7636,
2017-08-11,27645340.638163827,8574,506585567.5810055,1.83,49178400.0,16.47,3571,8574,
2017-08-12,19974077.440297317,7335,499858523.6227545,1.79,38131800.0,30.95411842954414,3274,7335,
2017-08-13,50489905.938623145,10886,469068857.77777773,1.67,40514200.0,31.2650775778,4502,10886,
2017-08-14,117611255.94477355,12843,456246984.0060242,1.61,39205300.0,90.52395123870001,5766,12843,
2017-08-15,32547026.751479298,10251,473133518.9212121,1.66,58304699.99999999,230.6106092582,4820,10251,
2017-08-16,15621430.832098892,7455,471141195.67499995,1.64,24022000.0,0.0,2665,7455,
2017-08-17,19721296.97033504,8843,462366165.6774194,1.6,25713300.0,0.0,3138,8843,
2017-08-18,17882785.095740624,8711,449609323.76056343,1.54,26841700.0,0.0,3165,8711,
2017-08-19,24960348.073323894,9205,418292080.75714284,1.42,24769900.0,29.6537109284,4621,9205,
2017-08-20,28484507.430003155,9591,413888869.1970802,1.4,15673200.0,159.8058,5738,9591,
2017-08-21,13534346.023840666,6759,408014222.00000006,1.37,20152300.0,0.0,2365,6759,
2017-08-22,15410527.670610672,6020,402679212.5,1.34,23774300.0,0.00268,2181,6020,
2017-08-23,20903338.674015008,6301,389116708.85106385,1.29,36567800.0,4.5402320388,2488,6301,
2017-08-24,11947149.304542243,6519,427962886.326087,1.41,18034600.0,0.0,2134,6519,
2017-08-25,19418612.452467576,6386,420934596.0,1.38,20444500.0,0.0,2222,6386,
2017-08-26,12248521.272883378,6787,424546267.4558823,1.38,16466000.0,0.0,2411,6787,
2017-08-27,12802911.84303789,5949,420066519.4074074,1.36,18124100.0,5.44,2650,5949,
2017-08-28,15050415.992403815,6655,419319368.39552236,1.35,18414400.0,12.864438292500001,3044,6655,
2017-08-29,18277580.874959353,4927,422136816.2442748,1.34,18993200.0,1.1656506168,1976,4927,
2017-08-30,25655471.604548708,9534,414426709.3333334,1.31,24068700.0,60.378605651149996,5092,9534,
2017-08-31,14304077.019836985,5398,391333755.276923,1.23,22926100.0,0.0,1943,5398,
2017-09-01,20893472.43202985,7306,417868424.0,1.3,25853000.0,0.0,2757,7306,
2017-09-02,20422167.979597807,5831,421203688.6178862,1.3,38741300.0,0.0,1940,5831,
2017-09-03,21945477.740973834,8643,403873672.256,1.24,22618600.0,0.0,2388,8643,
2017-09-04,62520262.75289122,12564,408725302.0483795,1.25,43045400.0,0.0,4166,12564,
2017-09-05,53702081.40691282,19529,278750568.05281836,0.848252,30273899.999999996,41.521935400000004,7870,19529,
2017-09-06,72331343.5170047,26189,294909972.11274785,0.891735,26208300.0,267.2545489536,14165,26189,
2017-09-07,58100192.91960919,23188,306636197.9306457,0.921946,22912100.0,92.19460000000001,11936,23188,
2017-09-08,191736833.41560197,25699,326870654.07407624,0.977746,18650200.0,230.6502814,14434,25699,
2017-09-09,51804295.65308671,18620,280476013.48404765,0.83378,10281100.0,252.3077395002,10836,18620,
2017-09-10,17072094.5132428,11247,268356368.07409132,0.793394,9494440.0,0.0,3852,11247,
2017-09-11,13358000.926003424,12113,251455127.4573857,0.739553,7763469.999999999,0.0,3790,12113,
2017-09-12,17849678.508404654,13857,249492370.41356722,0.730094,15475800.0,0.0,4288,13857,
2017-09-13,14625311.039519064,9144,288920738.8235623,0.841224,12370500.0,0.0,3025,9144,
2017-09-14,16825402.939910445,8256,251437802.37240332,0.727394,13131300.0,0.0,2899,8256,
2017-09-15,12627744.507059356,9683,209790747.78704748,0.60337,13121900.0,9.8288973,4318,9683,
2017-09-16,11649221.678216863,8245,232850548.7403934,0.666501,5602950.000000001,3.94174023408,3396,8245,
2017-09-17,7568535.224226491,7316,219357202.74651554,0.624291,8685770.0,0.2253066219,2874,7316,
2017-09-18,11189285.959843865,8664,229847210.30835122,0.650438,9065170.0,0.0,3219,8664,
2017-09-19,9179459.524093313,7907,251486331.3438716,0.708194,5520750.0,0.0,2743,7907,
2017-09-20,6429109.769102376,4979,232798839.44662687,0.651858,6087520.0,0.6416629408800001,2071,4979,
2017-09-21,9560875.43658497,7509,221765941.10592818,0.615818,6972060.000000001,0.0,2127,7509,
2017-09-22,4772802.192536082,4999,198009113.12919283,0.547718,4556540.0,0.0,1885,4999,
2017-09-23,6087634.5614017565,5360,207312341.96711618,0.57079,4809880.0,0.0,1580,5360,
2017-09-24,7900336.818998897,3795,212311087.26071528,0.580243,7534279.999999999,1.9314233611026699,1454,3795,
2017-09-25,6144175.058586765,4675,200793438.77434152,0.546514,5592430.0,0.0,1522,4675,
2017-09-26,8140331.729539886,6452,211151083.25252706,0.570981,5789570.000000001,0.0,2765,6452,
2017-09-27,5105262.921987689,5320,207918031.58496344,0.560208,11395600.0,0.0,1786,5320,
2017-09-28,12631026.15399624,7545,236403302.99929017,0.63294,22672400.0,0.0,2640,7545,
2017-09-29,12583629.41554993,4562,306691435.1288437,0.816964,15499400.000000002,66.90472523907331,2350,4562,
2017-09-30,9149147.178221265,2964,271199753.77468413,0.718682,10179600.0,171.01004202293382,1899,2964,
2017-10-01,9187801.290018193,2278,273648821.17358994,0.721765,8938190.0,116.7109361705199,1404,2278,
2017-10-02,9732838.238582944,2289,269982656.12435627,0.707986,8299880.0,108.06820182650608,1529,2289,
2017-10-03,7797188.6045203395,1795,250190804.51847345,0.652812,7114830.0,97.31189798557199,1305,1795,
2017-10-04,6471493.981349292,1994,243402759.94038624,0.631988,5449300.0,80.55233237301347,1282,1994,
2017-10-05,5466697.9502268825,1688,232125483.532207,0.599336,8038659.999999999,132.9210077812,1174,1688,
2017-10-06,5046469.056210625,1901,236161814.5107461,0.606706,6785669.999999999,67.76420655199999,1218,1901,
2017-10-07,4707603.149549359,1850,234581422.07752234,0.599816,6250760.0,94.02303949683065,1195,1850,
2017-10-08,6183728.36450251,1793,230856296.45414653,0.587396,5854700.0,188.8543692395027,1335,1793,
2017-10-09,7217093.536100085,2240,238412389.07870167,0.603543,6657950.0,109.86115063106402,1492,2240,
2017-10-10,5491937.175472255,2084,221244923.4610799,0.557554,7701180.0,98.86674634421712,1495,2084,
2017-10-11,11510904.492351923,2214,221869145.67979577,0.556461,8705650.0,140.6314838592261,1490,2214,
2017-10-12,7197768.17817714,2442,244519498.6125028,0.610294,8681880.0,183.02717059999998,1739,2442,
2017-10-13,7793926.175264335,2297,238184840.87804854,0.591619,8587370.0,177.4857,1824,2297,
2017-10-14,7626053.393280657,2194,237387653.65626696,0.584829,6436220.0,106.38583616771902,1499,2194,
2017-10-15,5019206.439722125,2040,237694046.0567148,0.58344,6573060.0,115.31691599999999,1413,2040,
2017-10-16,5102915.337333252,2187,234159429.21207032,0.571853,6005900.0,85.77794999999999,1501,2187,
2017-10-17,8857903.539987432,2464,231765876.31423327,0.562389,6374050.0,61.189788245570206,1571,2464,
2017-10-18,5599113.992748524,1658,229180716.65339208,0.554269,7320330.0,154.58362247667435,1357,1658,
2017-10-19,6411524.830786709,2342,227089875.13065633,0.545624,8084770.0,191.24584980400002,1686,2342,
2017-10-20,7258751.626523099,2137,237084809.55287746,0.566626,6150650.0,113.3252,1468,2137,
2017-10-21,5154074.161307735,2150,226891895.1115127,0.540259,7066060.0,200.7119241698964,1537,2150,
2017-10-22,4982556.827467064,2170,222077526.55734888,0.526479,5538990.0,114.7900672427356,1455,2170,
2017-10-23,5891267.765307216,2195,219400128.100741,0.517658,6162350.0,144.50742061730415,1556,2195,
2017-10-24,4654167.149851312,2205,209723986.2381854,0.49279,7089410.0,147.837,1608,2205,
2017-10-25,4571744.634538705,1915,220269108.7092068,0.514902,5046620.0,145.89309241275197,1381,1915,
2017-10-26,11170573.873708239,2356,216874388.8774897,0.50434,5314240.0,55.908196810857305,1429,2356,
2017-10-27,3457809.449610586,1900,223814358.62551764,0.518989,4730120.0,116.38559800581363,1330,1900,
2017-10-28,5360674.55934704,2048,226306102.89488932,0.522242,5960600.0,144.5708976472324,1432,2048,
2017-10-29,10985541.551892461,3459,233965782.30424958,0.536399,19902600.0,265.38838894383696,2403,3459,
2017-10-30,10983533.193921378,4297,292525859.38467854,0.667644,20481800.0,227.4156366204,3193,4297,
2017-10-31,10026050.585106686,3336,313596029.97503906,0.712702,16200000.000000002,233.26993135349088,2343,3336,
2017-11-01,26875146.383066565,7755,345759071.3715599,0.785862,74917400.0,245.16899563969886,5227,7755,
2017-11-02,34762487.096905604,9482,464728949.99999994,1.05,68358600.0,245.73402123900001,6397,9482,
2017-11-03,30530374.098709963,8829,500301732.231405,1.12,59247900.0,223.1424738816,6002,8829,
2017-11-04,18722511.84500458,5944,537897997.4999999,1.2,37546000.0,238.79999999999998,3894,5944,
2017-11-05,17324010.005913116,4719,501098702.4495413,1.11,32996400.0,222.99900000000002,3147,4719,
2017-11-06,18562643.539432302,5190,485483418.8014614,1.07,26059800.0,271.16575972155005,3331,5190,
2017-11-07,20339233.265470024,3908,422514025.4994655,0.921145,16941200.0,228.82213607975,2742,3908,
2017-11-08,16766603.414750481,4540,439157885.81669027,0.95102,37971000.0,299.3147622385666,3254,4540,
2017-11-09,16862216.277270153,5079,523100917.69491524,1.13,24725799.999999996,168.758268,3346,5079,
2017-11-10,17194323.093309924,3797,548607358.5436893,1.18,23024200.0,351.64,2962,3797,
2017-11-11,16580673.685638757,3602,482723277.1379311,1.03,27539300.0,334.9354223922,2629,3602,
2017-11-12,19473111.869110465,6278,545824716.4036696,1.16,29229800.0,294.7743807084222,4759,6278,
2017-11-13,21910648.746358402,3373,512496378.27966106,1.09,20848600.0,492.0914,2743,3373,
2017-11-14,42562641.36327222,8107,559844510.7065868,1.18,107326000.0,544.2162392096,6136,8107,
2017-11-15,47072672.53854675,8873,803101369.2934133,1.68,64150700.0,406.22399983199995,6722,8873,
2017-11-16,39792065.624590695,9642,802011091.2484848,1.67,64675200.0,498.3279999999999,8073,9642,
2017-11-17,50636969.54476113,8193,800484890.7657143,1.66,50782500.0,498.0,7187,8193,
2017-11-18,37120478.36622024,6359,842218675.865285,1.74,52951400.0,348.0,4667,6359,
2017-11-19,35159489.84934639,6645,934867602.3829788,1.92,55081600.0,362.59303217279995,5088,6645,
2017-11-20,39144610.57877068,7123,925504520.8341708,1.89,55477200.0,378.0,5375,7123,
2017-11-21,62773249.20717277,7297,983537027.3684211,2.0,56022900.0,514.40812784,5516,7297,
2017-11-22,41516143.80258889,6121,938644039.3968254,1.91,44297600.0,404.2488055248,4621,6121,
2017-11-23,41359969.008281566,7994,935524485.0,1.89,42235000.0,808.1419814999999,6906,7994,
2017-11-24,32640814.487630226,4532,940325844.0159575,1.89,44111800.0,718.6923449999999,3613,4532,
2017-11-25,112743331.13507119,7604,939234560.2926829,1.88,48591800.0,910.7606439834,5779,7604,
2017-11-26,81696776.90019222,9305,1024468704.1666666,2.05,116846000.0,633.8394999999999,7732,9305,
2017-11-27,63188616.94876028,10370,1237364386.7412586,2.46,126962000.0,430.8684948636,8561,10370,
2017-11-28,180023449.38147512,12577,1443146947.84,2.86,98904096.0,560.56,9666,12577,
2017-11-29,88233196.8703944,10986,1416747932.6346862,2.79,133125000.00000001,557.163,8533,10986,
2017-11-30,125375374.6734888,10537,1409297385.473684,2.76,92059600.0,874.92,7977,10537,
2017-12-01,152080709.6202602,9876,1449493390.3641975,2.83,74402000.0,849.0461224060999,6953,9876,
2017-12-02,112499465.91624308,12175,1664796973.9591837,3.24,163479008.0,710.4672,9293,12175,
2017-12-03,136442394.51087114,12710,2032386441.3130195,3.94,132280000.0,592.0966675194,9879,12710,
2017-12-04,91096775.75222886,9272,1874085052.8263025,3.61,163900000.0,714.4749125103,7433,9272,
2017-12-05,79892068.96738783,6045,2109014964.4952826,4.06,181418000.0,1623.9999999999998,5230,6045,
2017-12-06,94572240.92475215,7239,2226816821.7999997,4.27,200252992.0,1061.1334299999999,6137,7239,
2017-12-07,70673436.02706933,4951,2373610085.5839596,4.52,183666000.0,1134.017602,4419,4951,
2017-12-08,128796198.24525285,7063,2101547766.72028,3.99,149508000.0,1126.4312529183856,5989,7063,
2017-12-09,241478642.04078606,13820,2263704115.7733994,4.28,133142000.0,3296.5955625824,12328,13820,
2017-12-10,99966861.82976049,8142,2160678222.007958,4.07,98890000.0,1083.4222206867653,7097,8142,
2017-12-11,92470408.51451549,6971,2010133339.350917,3.77,153155008.0,1068.795,5904,6971,
2017-12-12,148589147.63135588,10291,2342668082.5245285,4.38,266450000.0,1228.464350502,7805,10291,
2017-12-13,461446034.068381,17911,2855407527.3260274,5.32,663820992.0,1545.607364,14164,17911,
2017-12-14,376134858.41631603,16510,3904595768.885714,7.24,613600000.0,1504.7978,12751,16510,
2017-12-15,324844513.99476403,13671,4547429242.788438,8.41,640457984.0,1330.3190299999999,11098,13671,
2017-12-16,238320593.89616194,14767,4419849508.125436,8.14,540462016.0,773.3000000000001,12188,14767,
2017-12-17,166759225.27721208,12094,4689775057.83455,8.6,361464000.0,1075.002728662283,9897,12094,
2017-12-18,217823833.1914218,10508,4498576343.374593,8.22,577649984.0,1639.00224,8459,10508,
2017-12-19,403315124.20653594,16567,5074950877.890145,9.24,1688240000.0,1841.5532520000002,12848,16567,
2017-12-20,341845080.2284263,12371,6862297508.2443695,12.45,775977024.0,1875.4462124999998,9632,12371,
2017-12-21,297755831.36787707,12324,6614982642.045283,11.96,349756000.0,2192.3080061402,10040,12324,
2017-12-22,517925271.41104794,13440,5935360451.196428,10.66,612398016.0,3141.9817000000003,9642,13440,
2017-12-23,225432209.5593521,10791,4452516121.014151,7.97,233174000.0,1435.54843,8253,10791,
2017-12-24,185108525.3695876,9102,4771511883.409091,8.51,192175008.0,2047.8399324,7080,9102,
2017-12-25,176279936.44080624,8044,4614813350.092119,8.2,337892992.0,2454.52158,6662,8044,
2017-12-26,179382834.1760914,7553,5517768018.513237,9.77,336595008.0,1609.6936713999999,5979,7553,
2017-12-27,169914974.99091455,8048,5574419158.870265,9.83,530216000.0,1677.8932374453516,6362,8048,
2017-12-28,253557471.32574436,9598,5994529166.399163,10.54,478886016.00000006,2098.5139999999997,7415,9598,
2017-12-29,179374909.41213977,7357,5484356822.033898,9.6,448089984.0,1644.222839855808,5851,7357,
2017-12-30,198481654.60257602,7991,5423461247.450934,9.46,499400000.0,1889.7201400000001,6340,7991,
2017-12-31,173161060.2368411,7065,4892174933.737742,8.51,312308000.0,1702.0,5802,7065,
2018-01-01,188556811.51545787,8883,5063610228.744344,8.77,331072992.0,1043.4213094308,7477,8883,
2018-01-02,525673017.3004076,8552,5162882715.202573,8.91,552188992.0,1477.24980568605,6952,8552,
2018-01-03,165216649.38866264,12256,5416153271.960899,9.32,529459008.0,989.3274081206,10228,12256,
2018-01-04,192413354.51355255,9776,6091609857.442376,10.45,1204969984.0,1666.7749999999999,8328,9776,
2018-01-05,167075702.70706782,8387,6569254485.243543,11.23,618755008.0,1684.5,7669,8387,
2018-01-06,172271529.2135279,9341,6343842588.872019,10.81,688819008.0,1562.219041,8297,9341,
2018-01-07,204175737.8512409,9775,7522755946.519169,12.77,781497024.0,1792.809042716,8757,9775,
2018-01-08,505012108.53926146,12520,7394023061.006191,12.51,697174976.0,2414.43,9647,12520,
2018-01-09,230127510.01445612,10403,5732477886.353698,9.67,546937024.0,1825.7927,8384,10403,
2018-01-10,245048026.38943025,9468,5549901333.203704,9.33,1211789952.0,2066.729460781138,7339,9468,
2018-01-11,251132944.72325093,10956,6766183674.974449,11.33,1161849984.0,2051.7621630000003,8304,10956,
2018-01-12,389209087.0270406,15847,6826798290.109091,11.4,2449370112.0,1697.46,13026,15847,
2018-01-13,328130722.82492185,19493,8369396530.720887,13.92,3379130112.0,1404.50016,16410,19493,
2018-01-14,373672680.734842,15255,9771610388.203125,16.17,1162419968.0,1614.4128000000003,12756,15255,
2018-01-15,210160248.133992,10759,8140149501.272024,13.42,806380992.0,1342.0,9196,10759,
2018-01-16,320959195.80087245,13550,7887100859.43969,12.96,1599730048.0,1628.4293462592002,11420,13550,
2018-01-17,271714617.23325205,13927,6234921110.755643,10.2,1625250048.0,1392.184332,11181,13927,
2018-01-18,300445152.0540465,14278,6250542368.848715,10.2,1266300032.0,2027.9673468026,12102,14278,
2018-01-19,187616780.62116382,9358,6385684886.254025,10.38,845596032.0,1394.6201466111002,7517,9358,
2018-01-20,336737012.2389179,14486,6943205731.314433,11.25,2777449984.0,1811.9362305798,10783,14486,
2018-01-21,575535803.0889473,11496,9697572342.803572,15.66,2887800064.0,2944.7601706458004,9158,11496,
2018-01-22,285712185.1429972,11768,8413913906.532942,13.54,2902200064.0,1885.2404782999997,9306,11768,
2018-01-23,289293170.9972416,10790,8461927661.30609,13.57,1614680064.0,2046.6549471000003,8606,10790,
2018-01-24,237101263.60994276,9882,8140846529.706434,13.01,1050800000.0000001,1866.3965822558498,8124,9882,
2018-01-25,251193340.7812726,10451,8761574151.292803,13.96,1546860032.0,1653.7016,8244,10451,
2018-01-26,235212764.01765454,9557,8992602574.569036,14.28,1444039936.0,1694.0638175999998,7568,9557,
2018-01-27,250225262.40407735,9091,9057978400.082691,14.34,653830976.0,1861.20294,7620,9091,
2018-01-28,310627453.59332037,10884,9085776535.745672,14.34,646950016.0,1740.3711065967,8839,10884,
2018-01-29,313202617.59087133,8966,9552077921.010706,15.03,565307008.0,1888.0646075059499,6976,8966,
2018-01-30,389769716.12653416,13228,8949712361.329584,14.03,980342016.0,3183.3141470058304,10456,13228,
2018-01-31,302865094.73294187,9936,7332761117.611477,11.46,1008809983.9999999,1784.9713809000002,7313,9936,
2018-02-01,452801572.1734095,10570,7853388453.555338,12.24,919859008.0,2444.5947096,7809,10570,
2018-02-02,369947473.54204816,11829,6542119314.468846,10.17,1534140031.9999998,2222.7552,8315,11829,
2018-02-03,262768788.99240613,8063,6307335286.117887,9.77,736278016.0,1753.3242,6201,8063,
2018-02-04,461252651.9309337,9306,6323824757.940767,9.77,588172032.0,2432.1301078335,6620,9306,
2018-02-05,269208892.1079141,10194,5637142839.206799,8.68,640158976.0,2593.59438128,7096,10194,
2018-02-06,373620939.5693829,11722,4672430504.305756,7.17,1304850048.0,2151.0,8252,11722,
2018-02-07,175055151.66116267,8092,5473033041.563731,8.35,762883968.0,1850.82927,5937,8092,
2018-02-08,95619564.24645442,5573,5037557584.693302,7.66,542067968.0,1513.7752659090283,4384,5573,
2018-02-09,134613221.95344332,7084,5603423976.321244,8.5,507606016.0,1653.6574408497445,5542,7084,
2018-02-10,178768764.10588256,8362,6353394032.25934,9.61,609065984.0,2007.1729495,6432,8362,
2018-02-11,194093349.7141937,6968,6036620259.87396,9.09,408012992.0,2727.0,5388,6968,
2018-02-12,124021748.7263063,6102,5626804091.051197,8.45,353976000.0,1690.4478500369855,4830,6102,
2018-02-13,121568315.90758745,6026,6128653460.716612,9.18,365436000.0,1101.6,4774,6026,
2018-02-14,341017590.352922,8084,6176014963.447342,9.23,480308992.0,1620.9208658500002,5828,8084,
2018-02-15,136864808.70200568,10791,6674728582.033432,9.94,392064992.0,397.59999999999997,5143,10791,
2018-02-16,136850827.2399019,14640,6840905003.507984,10.15,249798000.00000003,223.3,4438,14640,
2018-02-17,177780279.2254289,17660,6765171947.5241375,10.01,276848992.0,281.6993833546563,4968,17660,
2018-02-18,161871355.107113,17766,6888174070.268656,10.16,353808000.0,232.13216403040002,4522,17766,
2018-02-19,114256923.65092722,20459,6371191485.4235525,9.37,225362000.0,234.24999999999997,4278,20459,
2018-02-20,153776428.4997439,17540,6598480251.876077,9.69,305780992.0,290.7,5073,17540,
2018-02-21,129420887.73858337,5910,6329360905.654109,9.27,298552992.0,1674.3463191179999,4659,5910,
2018-02-22,131872579.30861023,5946,5999867668.721879,8.74,295638016.0,1568.83,4567,5946,
2018-02-23,102585678.3152902,5894,5543139879.405595,8.05,284364992.0,1230.96068248475,4621,5894,
2018-02-24,123236127.77558067,5743,5920473776.437119,8.57,241756992.0,1310.6044402756731,4498,5743,
2018-02-25,146730129.16003406,5563,5660898608.511392,8.18,173548992.0,1254.3908936,4496,5563,
2018-02-26,119922148.58020286,6557,5486348059.2865925,7.9,251184992.0,1476.4367374862477,5060,6557,
2018-02-27,149071038.811589,6830,5692119927.8063,8.17,330184992.0,1465.5346,5263,6830,
2018-02-28,197592549.944033,6370,5959041616.517241,8.53,380052992.0,1370.2955866768998,5046,6370,
2018-03-01,128319881.2894222,5854,5882579219.793743,8.39,214126000.0,1520.51816786015,4666,5854,
2018-03-02,178197852.00063205,6709,6107150316.202719,8.68,211631008.0,944.734238,5223,6709,
2018-03-03,90078281.68292801,6178,5720276269.764999,8.11,141850000.0,813.5705765396499,4871,6178,
2018-03-04,155730520.89899293,7144,5656286564.303179,8.0,195810000.0,1194.4,5628,7144,
2018-03-05,126135732.0822422,6905,5808483651.883229,8.18,183715008.0,1539.1464889046,5607,6905,
2018-03-06,147841641.0103631,7345,5697591755.034483,8.0,233026000.0,1760.0,5535,7345,
2018-03-07,170481488.99447992,8216,5177115342.357911,7.25,423460000.0,1740.0,6029,8216,
2018-03-08,155244627.4406775,8987,4667363183.7,6.51,299364992.0,1700.7020205,6631,8987,
2018-03-09,198881690.7052453,8611,4456801146.623165,6.2,429200992.0,1630.6729165880001,6133,8611,
2018-03-10,93072947.44263925,6081,4445653916.515517,6.17,309652992.0,1271.8006209960001,4773,6081,
2018-03-11,85164713.02778903,5302,4178590300.6270366,5.79,271828992.0,1095.53692995,4295,5302,
2018-03-12,125459397.18643337,5769,4457706932.572899,6.15,206551008.00000003,1168.5,5045,5769,
2018-03-13,352434435.96921086,7019,4229203447.638225,5.82,199199008.0,1743.0900000000001,5775,7019,
2018-03-14,124945531.74367803,6475,4276668281.4344573,5.87,210732992.0,1572.5729999999999,5137,6475,
2018-03-15,168644233.54568657,7183,3907562441.55706,5.35,293299008.0,1636.261640876,5292,7183,
2018-03-16,107105335.48466447,5593,3792143387.166994,5.18,184719008.0,1374.5958799999999,4149,5593,
2018-03-17,81155541.38835475,4996,3741229950.0578156,5.09,140080000.0,1198.333694494,3868,4996,
2018-03-18,110079910.45154743,6511,3424567121.9999995,4.65,333500992.0,1699.0986917115001,4769,6511,
2018-03-19,123751750.93653734,7383,3474780625.9009433,4.71,660668992.0,1385.682,5071,7383,
2018-03-20,170235577.8090881,7847,4572221771.931781,6.17,667072000.0,1530.16,5501,7847,
2018-03-21,336654107.2698257,13127,4506956804.67852,6.07,765790016.0,2119.6440000000002,9013,13127,
2018-03-22,445095976.49555886,19202,5217760192.335704,7.01,1062430016.0,2103.0,13485,19202,
2018-03-23,273338575.4766633,15827,5237694987.971469,7.02,846830016.0,972.5558989915594,12049,15827,
2018-03-24,160675227.21558937,8895,5239661465.3755665,6.99,357179008.0,1565.76,6102,8895,
2018-03-25,119903534.1727607,7002,4961415456.165645,6.6,274460000.0,1096.919208,4756,7002,
2018-03-26,230514613.0056055,9441,4924692196.116949,6.53,553672000.0,2232.9297270313004,6424,9441,
2018-03-27,175511890.48188946,9195,4458377388.155668,5.9,877542976.0000001,2293.507,5996,9195,
2018-03-28,176353412.3269181,8237,4454001914.308426,5.88,616041984.0,1475.8799999999999,5790,8237,
2018-03-29,199072330.36155546,8054,4787130057.651163,6.31,626902976.0,1442.595355,5538,8054,
2018-03-30,177142478.7690699,10311,4592963250.64918,6.03,506609984.0,853.0012674,7745,10311,
2018-03-31,147134085.25583407,5884,4665802353.774625,6.11,224212992.0,1408.1346146523501,4312,5884,
2018-04-01,140905829.3632959,6282,4595550408.127209,6.0,401303008.0,1868.8355300984822,4288,6282,
2018-04-02,118595080.57518686,6659,4357040610.933785,5.68,314995008.0,1243.9199999999998,4814,6659,
2018-04-03,133197056.9464067,6896,4542905375.742251,5.9,306368992.0,994.863284099,5124,6896,
2018-04-04,104785469.41336569,6050,4716884556.668411,6.11,260820000.0,972.0653094126001,4488,6050,
2018-04-05,109379808.69860381,7476,4425649361.16875,5.72,542464000.0,1428.242339095,5376,7476,
2018-04-06,208097699.31750542,11742,4931373160.033957,6.36,451440991.99999994,1265.64,9108,11742,
2018-04-07,109136974.13490534,7095,4570743631.431472,5.88,220028000.0,1293.371595516,5132,7095,
2018-04-08,127985163.76588069,14504,4608971055.56114,5.9,166915008.0,751.7861939200001,12486,14504,
2018-04-09,170412131.5189885,13272,4682982539.284497,5.98,226564992.0,1149.5882616589959,10358,13272,
2018-04-10,198680917.51134002,11640,4614127446.74,5.88,225493999.99999997,1699.32,8610,11640,
2018-04-11,630325512.7886121,25756,4719570337.809187,6.0,1818530048.0,1741.0782189000001,16378,25756,
2018-04-12,850133368.8340955,37730,6705092651.091954,8.5,1717360000.0,2126.7,26798,37730,
2018-04-13,557468269.0021023,27613,6891953300.929062,8.71,936742976.0,1231.2107600000002,20028,27613,
2018-04-14,811995956.6030989,36260,6939070493.168605,8.75,811486976.0,874.125,26192,36260,
2018-04-15,550287208.1450146,26791,6860105540.241667,8.63,861262976.0,862.9999991370001,20751,26791,
2018-04-16,363872633.26854765,12991,6702521378.8555565,8.39,455203999.99999994,855.7800000000001,9617,12991,
2018-04-17,237343947.07790628,12368,6506499400.836664,8.13,798768000.0,1401.4645892790002,8236,12368,
2018-04-18,210214737.95946556,9407,6809426268.435217,8.49,518188992.0,1305.8528430000001,6521,9407,
2018-04-19,241797618.0946691,9865,7258026391.046611,9.02,554115968.0,1547.7314704763999,6850,9865,
2018-04-20,568481335.0168024,14315,7670716387.700437,9.51,1512339968.0,1817.7114435,9682,14315,
2018-04-21,529833636.5484558,11641,9366852953.378939,11.58,1142259968.0,2214.681948,8110,11641,
2018-04-22,335202985.69905436,11477,8972265328.87401,11.07,1001900032.0,1910.2674720051002,7913,11477,
2018-04-23,379101104.5275492,10239,9206057492.741602,11.33,662115968.0,1356.3164527,8003,10239,
2018-04-24,546556352.9936423,23527,9555272838.335075,11.73,3223780096.0000005,1550.7911598,15996,23527,
2018-04-25,517453660.0853644,17551,12333916594.861687,15.1,3005040128.0,2448.012,12758,17551,
2018-04-26,543377565.8594499,13373,11814165223.189154,14.43,1566850048.0,2164.5,9773,13373,
2018-04-27,602981523.3075297,15945,12697852550.051588,15.47,2486409984.0,2311.5345482229004,11797,15945,
2018-04-28,612534449.4742352,21861,13729365061.444092,16.69,2728300032.0,1891.5798917017003,16798,21861,
2018-04-29,2030260439.8182425,29523,15575080761.374187,18.88,4870720000.0,2832.0,20512,29523,
2018-04-30,1090941816.00776,23260,17893409761.736065,21.64,4073370112.0,3539.9431038608186,15934,23260,
2018-05-01,577347664.0827042,15329,14650265425.32665,17.67,3330129920.0,2297.1000000000004,11211,15329,
2018-05-02,592407768.9056159,14521,15728499997.845913,18.93,2410370048.0,1906.251,10956,14521,
2018-05-03,1874543035.1085804,20461,16048212223.635902,19.27,2266540032.0,2335.0359228882,14809,20461,
2018-05-04,456290958.54197127,15618,14787162293.334698,17.71,1749309952.0,2100.2886703645,11340,15618,
2018-05-05,396950738.3943889,14491,14342679348.54719,17.14,1614729984.0,1714.0,10868,14491,
2018-05-06,431359227.5102439,12570,14885286045.182598,17.74,1434829952.0,2212.2330884655,9379,12570,
2018-05-07,574524849.7214918,13998,14859803709.310345,17.67,2000850048.0,2703.51,10010,13998,
2018-05-08,610945225.350032,15059,15153231246.126791,17.98,1449939968.0,1986.7736382,11679,15059,
2018-05-09,604111678.9931269,18745,15328765830.247492,18.12,1199539968.0,1902.6000000000001,14157,18745,
2018-05-10,698626020.1669984,21771,15242025611.828962,17.97,1287810048.0,1831.8618,16650,21771,
2018-05-11,983639901.2319083,19949,14846999618.089933,17.46,2919820032.0,3492.0,13859,19949,
2018-05-12,1350601125.37315,19296,12769386456.792984,14.98,3091069952.0,3314.3117394044,12169,19296,
2018-05-13,567244364.6724913,13973,12158236921.112452,14.23,1589949952.0,1768.6337507,9775,13973,
2018-05-14,673738104.2812214,17905,12789917057.527817,14.93,1702960000.0,2530.6349999999998,12469,17905,
2018-05-15,663393431.4235692,15596,12064861638.198614,14.05,1371869952.0,2327.1806197650003,11295,15596,
2018-05-16,479332574.9013811,28139,11128450098.110415,12.93,1534140032.0,827.52,23681,28139,
2018-05-17,482822166.0241338,16514,11105293037.017698,12.87,1644329984.0,1274.1299999999999,12201,16514,
2018-05-18,552018331.1369313,17754,10703520512.926922,12.37,1343680000.0,436.8236360594,14163,17754,
2018-05-19,270806389.410881,10397,11301547929.949886,13.04,1018750016.0,1429.5108765488,8000,10397,
2018-05-20,360337407.16383976,14387,11440235253.847965,13.17,1228359936.0,1744.3828392288,10602,14387,
2018-05-21,447527477.2888722,16068,12221800434.023687,14.03,1063000000.0,1931.1078570238499,11932,16068,
2018-05-22,566459144.8248626,13283,11799688671.269764,13.52,991158976.0,1962.1381311999999,10045,13283,
2018-05-23,532505865.87408483,17371,10796222472.973345,12.33,1591750016.0,1759.8608998767002,12970,17371,
2018-05-24,684237849.9953645,19888,9578905698.287058,10.92,2161890048.0,1852.9043442546,15469,19888,
2018-05-25,450227972.33011943,24317,11259988763.819366,12.81,1624390016.0,1637.6304,18594,24317,
2018-05-26,465078240.25637764,21424,10815611614.8583,12.27,1085629952.0,1239.27,18347,21424,
2018-05-27,733344984.7250715,17421,10854880939.131096,12.29,939929024.0,1265.87,15032,17421,
2018-05-28,1319246286.7960865,30984,11075233443.943298,12.5,1580160000.0,1516.5435873098,25908,30984,
2018-05-29,929289719.611854,37769,10390094610.295567,11.7,1877299968.0,1753.83,31267,37769,
2018-05-30,1163797515.858984,44229,10842179404.15154,12.18,1269209984.0,1199.73,34369,44229,
2018-05-31,1157757824.4413824,57471,10673141719.587948,11.97,1142809984.0,362.69100000000003,50224,57471,
2018-06-01,2276723319.0664535,18093,10985414895.610884,12.29,1058150016.0,508.53906119999994,15457,18093,
2018-06-02,257282543.90537503,9204,11010822218.74152,12.29,2884720128.0,325.01594057284996,7781,9204,
2018-06-03,,,13272700215.523256,14.81,1631840000.0,,,,
2018-06-04,,,13080306451.852398,14.6,1297159936.0,,,,
2018-06-05,,,12173223893.461973,13.58,1445139968.0,,,,
2018-06-06,,,12768756146.50287,14.25,1022289984.0,,,,
2018-06-07,,,12536529888.01508,13.99,1017480000.0000001,,,,
2018-06-08,,,13056898100.84758,14.57,1105590016.0,,,,1
2018-06-09,65954167.307964,25103,12577477189.48085,14.04,1175320064.0,140.39999999999998,163932,163931,13337
2018-06-10,1037.9842199999998,12975,12578956320.674274,14.04,2317139968.0,14.04,57,51,80482
2018-06-11,11199.138249,14362,10137637003.594479,11.31,1570569984.0,11.31,197,223,172800
2018-06-12,16235.079630000002,10237,10352248346.301369,11.55,1052700031.9999999,1.155,254,416,172800
2018-06-13,4120.215929999999,8200,9191323274.258127,10.26,1266409984.0,0.1026,233,404,172682
2018-06-14,3571.7619689999997,8898,9114082295.4,10.17,1409440000.0,0.1276335,246,324,172291
2018-06-15,10592.420253999999,117776,10117527766.035646,11.29,936732992.0,0.1129,459,797,172503
2018-06-16,9111.381720000001,14462,9544620576.095955,10.65,680969984.0,0.0010650000000000002,283,1100,138696
2018-06-17,279346.836189,60225,9529445198.671457,10.63,432120992.0,0.0010630000000000001,346,3299,172750
2018-06-18,523896089.13878393,62825,9357371634.794775,10.44,720630015.9999999,10.44,522,534,172792
2018-06-19,433789822.02198404,52127,9603947082.139795,10.72,715926016.0,53.6,791,800,170453
2018-06-20,530486092.338663,46448,9613469306.477928,10.73,852286976.0,1287.6000000000001,1506,1744,172746
2018-06-21,327718578.34401697,22361,9348184717.96449,10.43,662139008.0,104.3,1172,1608,172604
2018-06-22,224619067.341248,115952,9335203581.226328,10.42,1258310016.0,1042.0,1066,2581,172771
2018-06-23,238935064.151829,13605,7769967161.857312,8.67,709977024.0,1231.14,1089,1926,172728
2018-06-24,57475824.65976601,11904,7581593388.571076,8.46,1397600000.0000002,795.2400000000001,1216,2199,172653
2018-06-25,208869761.779521,112692,7235805663.072815,8.07,905011968.0,393.870069,1430,2877,172779
2018-06-26,97351774.65592599,66819,7397857966.348868,8.26,629339008.0,518.211337,1341,2916,172762
2018-06-27,93155062.53842801,280735,6704738011.930088,7.48,716035968.0,374.0,1728,4228,172602
2018-06-28,442035939.876363,144743,7181279208.108725,8.01,724915008.0,364.82426100000004,2232,5304,172629
2018-06-29,25396521.311258998,215778,6694799611.622251,7.47,802745984.0,298.484019,1855,4414,172705
2018-06-30,149229583.994304,115583,6940309304.413283,7.74,832537984.0,215.767206,1725,4184,172348
2018-07-01,34393192.194115005,137605,7304498748.302583,8.15,621643008.0,143.44000000000003,2125,5485,172641
2018-07-02,80698652.885312,136374,7292187021.428572,8.14,1024129984.0,260.48,3598,8820,172661
2018-07-03,367360658.736687,154333,7986778472.687783,8.91,1006099968.0,406.913463,6496,15281,172425
2018-07-04,86784397.455135,121374,7926676527.43532,8.85,935387008.0,447.91885499999995,4291,9310,172722
2018-07-05,180269138.848008,132905,7953877599.157895,8.88,958548992.0,426.89578800000004,4318,10326,172716
2018-07-06,149233039.14675,164584,7974756486.013825,8.9,604649984.0,355.11,4503,10084,172416
2018-07-07,106251198.76375501,132157,7771778152.533259,8.67,490260992.0,211.5068175,3404,7330,170417
2018-07-08,117476094.96192,148823,8105814018.094143,9.04,491667008.0,350.17615199999995,2577,4867,170154
2018-07-09,66518546.48501401,124233,7800990302.87871,8.71,707878016.0,448.856785,2861,5491,172763
2018-07-10,64185855.172425,607517,6941401820.56172,7.75,707110016.0,633.2184,2551,5211,172614
2018-07-11,158411186.478986,676522,6458982245.998609,7.21,599606976.0,657.4254645,2646,5162,172041
2018-07-12,94097824.94169,353894,6422020856.369564,7.17,597379968.0,179.25,2952,5720,172781
2018-07-13,76244885.498757,936260,6188994292.002873,6.91,586718016.0,0.0006910000000000001,66769,71925,172421
2018-07-14,100785291.285216,2262260,6236709698.609442,6.96,396983008.0,69.6,3857,6849,170903
2018-07-15,137341574.123018,3235266,6258234111.156756,6.98,501439999.99999994,62.82000000000001,5089,9033,171031
2018-07-16,261569863.65798,2207672,6627540421.011099,7.4,716972032.0,74.0,5849,12147,171178
2018-07-17,92287151.99780999,6321607,7228384569.574033,8.07,847793984.0,20.13465,7014,13044,164504
2018-07-18,85008072.376325,6742780,7861001883.932636,8.77,929459008.0,0.000877,12274,20207,168336
2018-07-19,510843579.318072,8307321,7689320056.262217,8.58,852908992.0,66.07887000000001,5011,9493,163751
2018-07-20,191767694.74296,5766224,7524654200.35443,8.4,810102976.0,0.81396,9507,17416,168422
2018-07-21,56083605.79293001,7026314,7075781759.428571,7.9,551660032.0,0.79,6806,19191,170208
2018-07-22,53707123.673542,7545183,7183798295.802531,8.02,497159008.0,8.24055,5393,10541,169868
2018-07-23,79172571.512544,7167206,7058034135.994982,7.88,630787008.0,0.0007880000000000001,19249,28761,170217
2018-07-24,350680950.848098,6941143,7145990573.575582,7.97,1007480000.0,0.000797,13418,20725,171853
2018-07-25,97455687.73572001,7274454,7669966968.930671,8.56,835307008.0,0.8560000000000001,9636,15234,170392
2018-07-26,71430614.303064,7078502,7636827164.293269,8.52,644028992.0000001,0.000852,31975,42984,168624
2018-07-27,73398358.353549,3698247,7448410215.1212845,8.31,694945984.0,0.0008310000000000001,86939,92325,171701
2018-07-28,76570501.342821,5653877,7557037212.497596,8.43,527104000.0,0.000843,71140,77623,171609
2018-07-29,34595330.607006,8416822,7478152436.0,8.34,615336000.0,0.000834,7282,10917,170964
2018-07-30,126230798.15372398,8083188,7472847923.606177,8.34,849398000.0,4.347642,4174,10252,170040
2018-07-31,68393434.77666,7271422,7043731608.834463,7.77,708842000.0,0.000777,14168,19768,170145
2018-08-01,50345935.75504,7661173,6665673606.47934,7.36,699077000.0,0.0007360000000000001,10794,16561,170709
2018-08-02,203895168.363452,8216221,6557748174.02833,7.24,559363000.0,0.000724,28848,38577,168683
2018-08-03,39001024.674375,8362106,6391557069.062499,7.05,521404000.0,0.000705,28273,35377,162125
2018-08-04,42863967.94824,7215390,6521576345.407725,7.2,465467000.0,0.00072,67032,86937,168019
2018-08-05,89513350.2284,3364069,6339914984.560907,7.0,481289000.0,0.0007,64404,78607,170416
2018-08-06,50950606.96359199,5985614,6399873307.643564,7.06,477949000.0,0.000706,40912,77157,170405
2018-08-07,55602082.501269996,7390761,6396299839.4009075,7.06,572786000.0,0.000706,12503,17220,171412
2018-08-08,266709380.50151998,6763672,5986236007.191413,6.6,885000000.0,0.7850699999999999,9792,17838,171606
2018-08-09,61311407.376054004,7358344,5086059957.910345,5.61,711726000.0,17.8959,5017,11393,172136
2018-08-10,76892804.2726,6806954,5252916633.44697,5.8,771704000.0,0.00058,58708,65693,169938
2018-08-11,54997270.70798401,7337851,4782267183.49004,5.28,651458000.0,0.000528,33862,50687,166506
2018-08-12,28798805.058309,7667153,4562197971.171657,5.03,602163000.0,0.0005030000000000001,74246,86155,163086
2018-08-13,62559287.77036499,8690801,4543796443.155844,5.01,666517000.0,40.08,3658,10181,165456
2018-08-14,63139672.061466,8476219,4188205399.611354,4.62,588931000.0,4.62,6561,13605,169339
2018-08-15,52066113.767886005,7608512,4219652774.7456903,4.66,692546000.0,0.00046600000000000005,12016,18003,168597
2018-08-16,50041691.40982399,3237242,4208112472.9911504,4.64,654120000.0000001,46.4,2176,8218,171943
2018-08-17,80641997.59500799,2915955,4093224526.9255896,4.52,1009130000.0,41.898365999999996,2592,11232,172335
2018-08-18,44323600.396694,4696460,5022094286.211765,5.54,824713000.0,0.000554,83278,100930,172062
2018-08-19,47371545.85173,7962129,4618899427.5706215,5.1,659969000.0,0.49673999999999996,7256,20383,171033
2018-08-20,51382451.8667,7622643,4803775189.747899,5.3,560766000.0,5.3,5186,23050,171154
2018-08-21,271498470.57711405,6517695,4288756882.8309574,4.73,412303000.0,0.00047300000000000006,117000,214223,171713
2018-08-22,79800821.71625501,2436247,4453076192.673729,4.91,571812000.0,0.000491,78716,161638,172631
2018-08-23,94847791.189228,6802495,4286208331.6361794,4.73,442313000.0,4.73,22113,75500,171654
2018-08-24,56086244.998044,6909744,4450121710.259406,4.91,616336000.0,5.0082,11183,90845,171989
2018-08-25,40693024.554358,6723165,4583030542.613861,5.06,356801000.0,5.06,16679,107044,171924
2018-08-26,36500113.433448,2606981,4571489234.327272,5.04,361901000.0,5.04,13960,63037,172324
2018-08-27,62478406.990395,5774012,4483369082.6026125,4.95,552155000.0,4.95,4634,99871,171721
2018-08-28,80690994.479645,5647034,4852314761.067796,5.35,622686000.0,5.35,4317,91755,171719
2018-08-29,114296664.46785001,5336604,5349397303.022876,5.9,955876000.0000001,5.9,7007,112168,172065
2018-08-30,93894148.31058,4498186,5544851808.493422,6.12,744458000.0,6.12,18457,98005,171296
2018-08-31,122363494.66859399,3452908,5489206252.339035,6.06,899621000.0,6.06,16175,163421,171207
2018-09-01,69852539.99766001,4347626,5839707983.216867,6.44,746530000.0,9.66,4854,129679,170918
2018-09-02,88762091.92074001,4210544,6025772150.522728,6.65,903575000.0000001,6.65,4101,135551,171124
2018-09-03,173578765.01338398,4380459,6013514839.282844,6.64,720704000.0,6.64,4382,128047,171106
2018-09-04,178570620.952118,4775080,5850079184.737655,6.46,765275000.0,6.46,25923,146022,170554
2018-09-05,141146243.74548,5048300,5871714616.551724,6.48,1009270000.0,6.48,58163,186328,171167
2018-09-06,127440047.722189,904322,4720374699.541985,5.21,844070000.0,5.21,69934,210209,171340
2018-09-07,136419993.86458,5077672,4744001223.5225935,5.23,651853000.0,5.23,54316,194340,168905
2018-09-08,44690723.98152,3157711,4624675642.5,5.1,531005000.0,5.1,33270,180191,172404
2018-09-09,56213177.991096,5914093,4311834621.971831,4.76,621964000.0,4.76,16822,117674,158111
2018-09-10,96006039.418917,4810318,4518529255.753968,4.99,536130000.0,4.99,6520,125228,161229
2018-09-11,44661494.064174004,1208067,4598233297.144578,5.07,582087000.0,5.07,7150,162234,170573
2018-09-12,37006855.4185,734139,4530097367.408907,5.0,707279000.0,5.0,5763,153581,170838
2018-09-13,118624672.52759999,622998,4493191135.851577,4.96,718438000.0,4.96,10251,178340,172615
2018-09-14,83764514.23699601,617577,4912659411.814042,5.42,606576000.0,1.355,47357,170183,172475
2018-09-15,42967233.458625,803841,4758949882.361111,5.25,508734000.0,10.5,7805,203919,172449
2018-09-16,47260444.015164,714053,4874897078.059041,5.38,477706000.00000006,5.38,25883,199716,172588
2018-09-17,83627118.698643,824651,4919381379.705522,5.43,696413000.0,5.43,39669,217615,172564
2018-09-18,71695815.855156,966723,4404446267.611766,4.86,658606000.0,2.43,45053,249498,172575
2018-09-19,56780662.318996,991483,4584855025.70172,5.06,622045000.0,2.53,19226,280378,172690
2018-09-20,75118683.63509999,970800,4761268175.304878,5.25,703866000.0,2.2575,25527,295499,172793
2018-09-21,138784858.32154998,1107356,5212555870.276873,5.75,1088760000.0,0.71875,97602,406024,172684
2018-09-22,74300579.21998799,1129405,5600717605.163575,6.18,669024000.0,0.9269999999999999,93552,372707,172794
2018-09-23,45445672.875085,1152990,5392722745.0,5.95,686260000.0,1.4875,16634,308525,172655
2018-09-24,37976025.84783,1052415,5458246565.859155,6.02,654906000.0,0.602,36774,446689,172793
2018-09-25,99355912.78231199,1197181,5149299716.446096,5.68,891486000.0000001,1.136,87588,344632,172733
2018-09-26,46460421.595357,1130722,4889061779.264865,5.39,683187000.0,2.156,20347,281724,172760
2018-09-27,57218152.588392,903256,5035320417.175257,5.56,753645000.0,3.6846119999999996,17118,302107,172521
2018-09-28,96281099.556873,909954,5283445662.000001,5.83,840105000.0,4.664000000000001,19690,311722,172690
2018-09-29,75234316.49568,1131483,5223714670.0,5.76,678214000.0,4.608,13536,344546,172772
2018-09-30,110892972.03955199,1288261,5219241811.804195,5.76,828008000.0,1.728,26260,352063,172793
2018-10-01,63689695.103076,1416553,5198765742.0,5.74,695608000.0,1.435,36949,372501,172788
2018-10-02,47039067.05071,1883906,5198652212.488496,5.74,564671000.0,0.7175,75943,507579,172793
2018-10-03,57454855.027911,1377687,5082325354.516014,5.61,595740000.0,0.70125,99742,406989,172800
2018-10-04,52159103.385861,1472286,5099873750.198961,5.63,613679000.0,1.4075,72562,384249,172773
2018-10-05,55282768.14219599,1461415,5248360387.574871,5.79,554553000.0,0.5790000000000001,135803,461107,172729
2018-10-06,38994281.68244,1668270,5264659282.612565,5.81,486075000.0,0.581,210683,643956,172799
2018-10-07,33683870.194794,2118262,5191991182.093751,5.73,525930000.0,0.5730000000000001,50549,558342,172685
2018-10-08,176306561.900358,1876713,5232086810.840947,5.77,627571000.0,1.4425,19103,506034,172690
2018-10-09,67797114.506736,2210216,5364753229.15736,5.92,538883000.0,0.9472,96145,509186,172785
2018-10-10,120929330.384857,2020740,5337692964.052721,5.89,533169000.0,1.4725,83520,538658,172292
2018-10-11,143145255.043224,1978872,5325857628.0,5.88,758737000.0,1.47,52656,536901,172779
2018-10-12,70219185.832656,2330505,4567078604.432433,5.04,525306999.99999994,1.26,56912,644305,172669
2018-10-13,72891797.116936,2503599,4697845882.1866665,5.18,362608999.99999994,1.295,21364,686745,172722
2018-10-14,53815946.02965,1986076,4755292940.715668,5.25,372902999.99999994,1.3125,13658,537772,172732
2018-10-15,138605741.104344,1177049,4677105339.334553,5.16,918475000.0,5.16,18319,445012,172762
2018-10-16,125955045.090016,1814330,4963475389.367647,5.48,425119000.0,5.48,8003,579306,172731
2018-10-17,87923613.93346,2593686,4940797875.702403,5.45,401459000.0,2.725,20646,773841,172785
2018-10-18,56288155.667828,3525586,4916108533.633645,5.42,440484000.0,1.355,45928,1086290,172727
2018-10-19,79379186.13043201,4329377,4860873150.574109,5.36,378435000.0,2.2201120000000003,45519,1294152,172588
2018-10-20,99867891.029418,3739962,4841502753.329609,5.34,366171000.0,1.335,129279,1421382,172103
2018-10-21,126656164.617813,3708061,4869274830.52583,5.37,443995000.0,2.148,99432,1368152,172568
2018-10-22,105359908.274419,3535491,4905529094.29368,5.41,348657000.0,2.705,30229,1099893,172574
2018-10-23,72510129.389074,3611763,4874438304.01845,5.38,329169000.0,2.152,35836,1155189,172537
2018-10-24,78725343.051921,4709812,4902667617.585502,5.41,312068000.0,2.705,36192,1150403,172644
2018-10-25,68633026.13697599,3771304,4879130590.968343,5.38,291321000.0,2.152,36791,1229700,172693
2018-10-26,79054784.42963101,4684851,4863674144.376624,5.37,355795000.0,2.685,29093,1251458,172668
2018-10-27,71421789.812065,4521588,4886231902.310409,5.39,415957000.0,2.695,19062,1266822,172509
2018-10-28,107046198.54324001,4113607,4889424728.287293,5.4,382333000.0,2.2275,22376,1283398,172549
2018-10-29,98288489.92763901,4019134,4899178016.829126,5.41,578423000.0,2.705,29680,1284099,172691
2018-10-30,91053897.181205,3836278,4663357800.690662,5.15,562212000.0,5.15,33099,1228691,172455
2018-10-31,168415540.99047598,4486620,4654767571.769231,5.14,646592000.0,3.0839999999999996,37860,1358359,172573
2018-11-01,89736378.67688,4690299,4709788143.863636,5.2,560423000.0,2.6,43687,1399475,172654
2018-11-02,127900693.54603201,4898804,4781010548.238806,5.28,668222000.0,5.28,42017,1478280,172394
2018-11-03,76268148.285944,4328081,4861672664.105462,5.36,624348000.0,4.963896,46976,1335734,172521
2018-11-04,137134524.319857,3996033,4811552328.51743,5.31,736521000.0,5.31,81696,1231884,172443
2018-11-05,122221581.160448,4395419,4928188915.597807,5.44,681390000.0,5.44,32936,1149210,172047
2018-11-06,334394625.40605205,4240665,4931104332.732985,5.48,776546000.0,5.48,30047,1182315,172050
2018-11-07,160977512.014539,4047880,5192398511.049558,5.73,719042000.0,5.73,30162,1077001,171945
2018-11-08,166749292.88906398,4527130,5115766804.254545,5.64,655039000.0,5.64,26262,1180789,171314
2018-11-09,137837954.4124,7101135,4986923702.04461,5.5,719946000.0,5.5,94485,1995188,169748
2018-11-10,118589283.202328,7305228,4877118984.309963,5.38,595931000.0,5.38,46489,1947580,171366
2018-11-11,129215316.11559501,7995091,4906201814.281249,5.41,729699000.0,5.41,31076,2090137,171693
2018-11-12,120725391.693195,7319436,4941020651.694445,5.45,606714000.0,5.45,38396,1914758,172237
2018-11-13,133551410.20146002,7018913,4890364463.288719,5.4,766307000.0,5.4,65116,1815304,172318
2018-11-14,283805489.471778,5404547,4726276724.25,5.22,1244140000.0,10.44,40283,1594821,172548
2018-11-15,155916882.31039998,4450301,4203300734.055436,4.64,1265280000.0,6.032,18858,1456946,172523
2018-11-16,484313903.1868691,5220412,4247963619.1538467,4.69,923307999.9999999,4.69,41472,1655438,172458
2018-11-17,102113493.143935,5616736,4125914597.658643,4.55,773374000.0,4.55,44614,1787751,172374
2018-11-18,133357875.35846801,5161205,4148224406.4705887,4.58,750443000.0,4.58,38215,1720696,172111
2018-11-19,204315028.92513996,6287736,4171792781.6176467,4.6,1193950000.0,2.3,63327,1967757,172312
2018-11-20,163936055.948599,7747554,3685872521.274933,4.07,1305960000.0,2.035,37707,2430880,172144
2018-11-21,200642099.703958,7784264,3390255231.0866146,3.74,965961000.0,1.4960000000000002,25915,2429778,171166
2018-11-22,112576103.433195,8130661,3457238762.670423,3.81,694359000.0,1.905,26461,2433837,171301
2018-11-23,116933232.766944,7235145,3190337256.0888886,3.52,891425000.0,1.4080000000000001,24608,2215204,170942
2018-11-24,141937382.71900198,7107528,3272939796.9447856,3.61,796038000.0,1.805,92949,1986966,171820
2018-11-25,202104735.33452702,7031162,2963492303.2477612,3.27,1057329999.9999999,1.635,80873,2047182,171942
2018-11-26,185136076.154745,7138212,3039539427.3742137,3.35,984528000.0,2.68,51498,2057566,171712
2018-11-27,132177919.54749002,6245134,2882021162.455446,3.18,957723000.0,3.9085380000000005,81197,1851455,170974
2018-11-28,86818783.66972199,6456131,2745395287.9664636,3.03,860148000.0,1.515,241833,1955089,171400
2018-11-29,131323190.213572,6933771,2983373238.6523175,3.29,896394059.9999999,0.987,102280,1955334,172264
2018-11-30,137123957.993127,6156265,2748687634.260417,3.03,887904092.0000001,0.9089999999999999,86486,1816139,172160
2018-12-01,57632179.94264001,5821806,2616613776.6385136,2.89,814784416.9999999,0.867,62317,1705682,172080
2018-12-02,98254781.17662,6436589,2672838927.4035087,2.95,740214948.0,1.475,35070,1942342,170343
2018-12-03,111366587.70367502,6439910,2586379111.0424714,2.85,798359633.0,1.425,63793,1919138,171893
2018-12-04,104712140.169133,6631478,2342803013.235772,2.59,770915653.0,2.59,96935,1979188,171970
2018-12-05,110122753.539312,6975645,2224692206.6181817,2.46,843118459.0,3.61128,32591,1961339,172345
2018-12-06,111260812.44102,6600769,1991591918.8235295,2.2,771704763.0,3.08,147794,1915144,172135
2018-12-07,155892821.681772,6442157,1688701110.7586207,1.86,937285229.0,1.86,30387,1903217,171225
2018-12-08,95778469.723776,6621969,1579975298.902174,1.74,847786798.0,1.74,43588,2032537,171827
2018-12-09,73335730.730664,7227552,1669326842.6403944,1.84,813391106.0,1.84,39315,2206965,172127
2018-12-10,94132014.81266,6571730,1828053690.9793816,2.02,867574172.0,4.04,25444,1963917,172162
2018-12-11,103361754.388185,6491261,1747946428.9891891,1.93,769874104.0,5.79,23585,1930889,172295
2018-12-12,82494026.11173001,6218645,1676150989.9242425,1.85,684689882.0,6.2841725,21589,1763674,172411
2018-12-13,99584778.53194201,6726936,1795115801.4810808,1.98,612212508.0,3.96,19541,2054714,172306
2018-12-14,87163977.99448,5858419,1675095377.2131147,1.85,608056107.0,5.550000000000001,19881,1815417,172530
2018-12-15,88664151.941456,6120170,1649270142.1368423,1.82,514205945.0,9.1,22820,1914635,172479
2018-12-16,79046031.61573999,4735056,1717463648.28125,1.9,592700281.0,3.8,35449,1413109,170620
2018-12-17,92833564.688256,3596917,1739028972.0,1.92,1035073029.0,13.44,18817,1160421,172214
2018-12-18,533402755.21728,4274601,2179003727.272727,2.4,1357427909.0,9.0,60467,1396585,172018
2018-12-19,1383838958.76225,6390915,2398590684.0,2.65,1267475702.0,1.325,168279,1867610,172359
2018-12-20,542242346.5818961,5590763,2251515018.0945454,2.48,1338384673.0,2.48,101134,1561640,172429
2018-12-21,164572567.185117,5615823,2474219228.0496182,2.73,1034421052.0,2.73,34423,1659577,172268
2018-12-22,94169186.375498,5359207,2373938353.0,2.62,826024877.0,2.62,34233,1631589,172380
2018-12-23,96154435.54229599,5016091,2384021568.9078016,2.63,1098757163.0,2.63,38780,1565962,172363
2018-12-24,110292345.187254,5832797,2554984327.333333,2.82,1205992715.0,2.82,45551,1797460,171837
2018-12-25,103104769.87214,6225441,2513172755.8333335,2.77,1040752729.0,2.216,73042,1730465,172383
2018-12-26,88353273.47794199,6186930,2294986950.3423076,2.53,919041942.0,1.7709999999999997,165136,1922381,172047
2018-12-27,81779803.1674,5835971,2358536525.172414,2.6,786076003.0,1.3,193016,1820596,172016
2018-12-28,67735269.27856,5476461,2099227261.7962265,2.32,912368604.0,1.8559999999999999,61206,1556984,172378
2018-12-29,73978683.79505801,5630450,2409298959.657795,2.66,832583860.0,2.128,58938,1547526,170850
2018-12-30,56108259.66205,5685662,2384894324.7126865,2.63,678199674.0,2.104,70639,1673241,172241
2018-12-31,60361224.44214801,5566999,2425836966.1789885,2.68,737955581.0,2.68,48641,1572155,172326
2019-01-01,53089992.30069599,5802132,2332143481.699248,2.57,675099229.0,2.57,54270,1638980,172266
2019-01-02,73407882.417468,5377137,2417689489.1107264,2.67,808413256.0,2.136,51217,1529386,172230
2019-01-03,76827576.383712,5812178,2611360082.1492534,2.88,636865311.0,1.44,139962,1722209,171349
2019-01-04,65481810.408348,5643870,2439273778.216912,2.69,723318559.9999999,1.345,176055,1759119,172310
2019-01-05,62200736.835696004,6766712,2464500590.874074,2.72,750751760.0,1.36,106455,1912423,172123
2019-01-06,66793249.21176001,7174275,2442844885.3125,2.7,867964715.0,1.35,55196,1913899,171883
2019-01-07,72826532.741952,7326410,2608266904.375451,2.88,747456993.0,1.44,102889,2023041,172581
2019-01-08,74344811.459104,6841224,2508133911.8178573,2.77,672422514.0,1.108,166230,2031458,172636
2019-01-09,89789421.28155999,5904370,2539700163.024055,2.8,734853519.0,1.1199999999999999,121509,1724662,172371
2019-01-10,123543112.262394,5795248,2632984421.22541,2.91,1205353503.0,1.1640000000000001,162810,1643515,172365
2019-01-11,68523662.831346,5691535,2199383306.107438,2.43,839425934.0000001,1.458,34915,1499475,171383
2019-01-12,47202876.413198,5710175,2190764036.0493827,2.42,676904281.9999999,1.936,51816,1367455,171773
2019-01-13,50762631.1095,5413284,2202338298.7035403,2.43,654710955.0,2.43,58265,1373227,172538
2019-01-14,58853421.212069996,5357905,2047341666.6854837,2.26,754055929.0,2.1921999999999997,173520,1467394,172642
2019-01-15,72889851.337992,5367320,2250837899.166667,2.48,742818854.0,1.488,167383,1368924,172632
2019-01-16,61430795.15184,5331866,2172750815.9999995,2.4,676246815.0,2.4,31448,1276629,172583
2019-01-17,55151460.143107995,5866799,2207199874.984127,2.44,776197591.0,1.952,37639,1388929,172263
2019-01-18,48674062.137204,5816697,2283444430.105263,2.52,755857709.0,1.26,32147,1423949,172573
2019-01-19,51361507.08209301,5587437,2235625261.1646585,2.47,738761772.0,1.235,33613,1319214,172687
2019-01-20,58983258.699128,4690585,2244972150.649789,2.48,971352022.0,1.488,81573,1019936,172408
2019-01-21,56402390.782695,4953262,2150679955.9404254,2.37,681202740.9999999,0.9480000000000001,59494,1166754,172411
2019-01-22,60771202.147,5019651,2127830100.2857141,2.35,737422547.0,1.175,87642,1234961,172692
2019-01-23,49926316.833085,5631968,2220390603.7909837,2.45,630931520.0,1.225,122374,1560459,172658
2019-01-24,51968384.42142,5518593,2214176910.465306,2.44,662563042.0,2.44,54683,1511009,172519
2019-01-25,62128269.792762,6015649,2233593783.5265303,2.46,630943289.0,1.968,90000,1590087,172559
2019-01-26,54010898.775680006,6027251,2216567391.8442626,2.45,610470886.0,2.45,31831,1581373,172559
2019-01-27,74377956.278529,6191302,2198901856.159664,2.43,780419369.0,1.9440000000000002,74212,1748037,171657
2019-01-28,71391809.423732,6336534,2157167459.6888885,2.38,860063876.0,1.3328,91351,1705330,172369
2019-01-29,61228924.056,6117863,2035662047.3684213,2.25,807914540.0,0.9,55681,1581561,172566
2019-01-30,51077223.914233,6184354,2055427743.6153848,2.27,814229781.0,0.908,40782,1406659,172527
2019-01-31,59834017.132578,6382021,2121171602.8189654,2.34,678924605.0,0.9359999999999999,39307,1467841,172414
2019-02-01,46125053.06596,5852127,2102656363.0427349,2.32,648027079.0000001,0.9279999999999999,36387,1461675,172144
2019-02-02,39727180.853099994,5970364,2121657049.7777774,2.34,613998325.0,0.9359999999999999,42937,1463477,172568
2019-02-03,49631735.016216,5363373,2198072645.2058825,2.43,567625069.0,1.215,41576,1208149,172658
2019-02-04,36442703.147004,5290268,2157179721.3166666,2.38,542186549.0,0.595,38767,998050,172568
2019-02-05,31198227.084239997,4838584,2173699901.924686,2.4,528454306.0,0.96,40784,844750,172586
2019-02-06,40240692.642119,4814211,2165449438.6085105,2.39,491346169.99999994,0.9560000000000001,38433,823467,172445
2019-02-07,28362411.865435,5193626,2125592025.0,2.35,490454851.0,0.9400000000000001,39739,889468,172453
2019-02-08,52647886.56287,4802863,2130043637.3161764,2.35,1089618269.0,0.9400000000000001,37828,795925,172527
2019-02-09,45971296.208018996,4737997,2475803191.2086334,2.73,955886280.0000001,1.365,39495,780514,172326
2019-02-10,41681115.529851,4348230,2509371680.2288733,2.77,936574262.9999999,0.839864,35984,722797,172235
2019-02-11,52727804.329320006,4392491,2581350849.6195655,2.85,835068729.9999999,0.5700000000000001,100422,910161,172580
2019-02-12,65951079.971627995,4643305,2499001311.98644,2.76,993123027.0,0.69,130624,966980,172667
2019-02-13,82598452.2117,5004493,2669923871.7708335,2.95,985005906.0,0.6549,132026,998761,172627
2019-02-14,64218892.335815005,5141407,2601818425.1054544,2.87,926826863.0,0.5740000000000001,139124,945015,172632
2019-02-15,50663434.951799996,4878958,2493342919.375,2.75,844521264.0,0.825,76262,907650,172534
2019-02-16,42959080.728199996,5484851,2535252608.7943263,2.8,750356324.0,1.4,37706,850084,172417
2019-02-17,48125482.07908,4930436,2539428688.611111,2.8,893315803.0,1.1199999999999999,91591,814278,172490
2019-02-18,106567714.318752,4621347,2609456964.7953887,2.88,1867708700.0,1.222272,46286,705049,172535
2019-02-19,117906151.90067999,5056510,3177474304.9159665,3.51,2028171138.0,1.053,43256,779681,172547
2019-02-20,133462376.49146998,4775765,3217892143.303571,3.55,1914563883.0,0.71,99749,823840,172665
2019-02-21,100361217.165801,4435940,3557716636.0393705,3.93,1392322652.0,1.2183,44412,663357,172665
2019-02-22,132335869.55818,4665507,3444878785.604113,3.8,1413643823.0,1.1323999999999999,78779,838375,172689
2019-02-23,91436237.27230799,4621876,3514334351.3161592,3.88,1609352207.0,1.94,87712,842703,172676
2019-02-24,168884292.191436,4088193,3879779095.598886,4.28,2406373954.0,4.28,75366,775232,172728
2019-02-25,108761598.968134,4557499,3244800226.2172704,3.58,1903389281.0,3.58,79815,859549,172754
2019-02-26,85154243.62140001,4524447,3265661213.948127,3.6,1482508113.0,1.8,83478,820117,172665
2019-02-27,73961919.148596,4286573,3153982879.036827,3.48,1376946609.0,1.205124,81467,719861,172481
2019-02-28,75119199.647238,4286625,3207737515.0,3.54,1353651826.0,1.062,44622,644073,172590
2019-03-01,58159543.834278,4179879,3204382290.75,3.54,1318189790.0,1.090674,42472,620590,172734
2019-03-02,74962235.1016,4114884,3171411144.6022725,3.5,1146398595.0,1.3236999999999999,35071,609141,172543
2019-03-03,34807972.383007996,4264659,3193518841.870423,3.52,1053719011.0,0.66528,71817,654766,172681
2019-03-04,107720650.557625,4342931,3214001712.6829267,3.55,1622012459.0,0.71,100479,727761,172634
2019-03-05,84192371.30673599,4132272,2973419502.010582,3.28,2094488254.9999998,0.656,96508,631915,172414
2019-03-06,69895586.079171,4134411,3434119714.7718835,3.79,1927523149.0,0.758,71866,570441,172583
2019-03-07,71958214.497468,4172909,3414912295.4010553,3.77,1709256122.0,0.754,76342,578877,172737
2019-03-08,99211196.199654,4313543,3437965403.1349864,3.79,1654702858.0,0.379,187973,733909,172728
2019-03-09,63745919.260088995,3842924,3288978291.3978777,3.63,1788535105.0,0.73326,45642,556818,172762
2019-03-10,53491968.385739,4131609,3412882586.871658,3.77,1375200235.0,0.49952500000000005,85250,651588,172725
2019-03-11,62977965.408241004,4311099,3376183072.95,3.73,1600799426.0,0.46625,79090,656524,172572
2019-03-12,58732667.76132,4047689,3264849606.885246,3.6,1821147442.0,0.7200000000000001,38531,532774,172437
2019-03-13,59038519.212653995,4052143,3322929923.848066,3.67,1684463419.0,0.734,49621,529191,172444
2019-03-14,65122134.025020994,4471043,3267847743.0,3.61,1484695823.0,0.722,46972,613545,172563
2019-03-15,57924391.39302,4645805,3270168860.47043,3.61,1659502982.0,0.48735,89841,655989,172513
2019-03-16,63259691.54360401,4032771,3374142097.002611,3.72,1734038541.0,0.7440000000000001,99544,657434,172575
2019-03-17,44563044.250765,3869180,3466975182.619048,3.83,1179827903.0,0.766,73464,616107,172575
2019-03-18,54406442.177136,4144488,3425981654.592,3.78,1465685317.0,0.756,48281,616502,172596
2019-03-19,62697978.40875,4192890,3397289789.68254,3.75,1241517191.0,0.75,41143,664482,172752
2019-03-20,68694102.848826,4060061,3422847631.3919997,3.78,1439034494.0,0.756,53730,674051,172758
2019-03-21,69613649.40637499,4381426,3394178470.708447,3.75,1589560904.0,0.75,40176,669819,172765
2019-03-22,63696782.07237,4803151,3316292936.663014,3.66,1361397468.0,0.36600000000000005,258487,956264,172538
2019-03-23,48922021.573152006,4749111,3301119356.888889,3.64,1455344537.0,0.7280000000000001,70952,770449,172756
2019-03-24,45753767.051112,4579325,3340419281.3360653,3.69,1459311466.0,0.738,83382,731720,172755
2019-03-25,56402834.372904,5473141,3313062573.9293475,3.66,1670437628.0,0.7320000000000001,68090,792136,172726
2019-03-26,69698646.046288,5110994,3331714018.3829794,3.68,1619501867.0,0.7360000000000001,47718,737409,172729
2019-03-27,126429740.588576,5732425,3407288817.6851845,3.76,3426747980.0,0.752,50250,705449,172349
2019-03-28,100588776.34372799,5278931,3909876996.451991,4.31,2090072792.0,0.862,54301,696258,172683
2019-03-29,123521218.83142999,5442540,3873225767.658878,4.27,2376111090.0,0.854,74326,703322,172755
2019-03-30,142205620.289188,5643712,3874994829.3140106,4.28,1980145805.0,0.8560000000000001,50701,641513,172744
2019-03-31,71384128.75940399,5664489,3750204404.0239234,4.14,1688714791.0,0.828,44130,645666,172730
2019-04-01,80015747.766153,5273011,3780393080.478571,4.17,1815234453.0,0.8340000000000001,56182,695804,172728
2019-04-02,130046359.56018,5627873,3805601219.4035788,4.2,4508306993.0,0.8400000000000001,94434,748600,172681
2019-04-03,169848604.562599,5293439,4562218681.086207,5.03,5394932035.0,1.006,77149,729147,172630
2019-04-04,170619334.3264,5350515,4741038072.344488,5.23,3361491105.0,0.65375,93186,771503,172689
2019-04-05,97974506.685088,4983243,4603316514.277154,5.08,2649804917.0,1.524,62232,682569,172758
2019-04-06,104279550.28634399,5499396,4837062770.018691,5.34,2902980596.0,1.6019999999999999,67269,710063,172744
2019-04-07,84712589.017032,4722060,4835016607.406593,5.34,2614787950.0,2.136,44008,653289,172718
2019-04-08,171501419.44845,5374650,4948955891.978378,5.46,3407426898.0,1.638,60392,766286,172708
2019-04-09,153032651.56149,5498514,5029650193.219424,5.55,3114223749.0,1.3969349999999998,57205,789230,172711
2019-04-10,153773537.389628,5482015,5037801776.2739725,5.56,3793533816.9999995,1.1119999999999999,110177,836785,172743
2019-04-11,225815349.70857596,5425272,5296844510.516853,5.84,3707924720.0,1.168,119739,862760,172734
2019-04-12,102328865.94252,5470702,4839161257.070632,5.34,2538570582.0,1.53792,58423,777994,172732
2019-04-13,70503160.33342199,5088175,4876516669.513109,5.38,1964203200.0,1.076,48221,636695,172748
2019-04-14,65930424.410034,5279225,4835227715.459459,5.34,1965356809.0,1.335,45593,621273,172736
2019-04-15,103553566.502385,5694528,5028388610.185874,5.55,2415852193.0,1.3875,51041,688411,172740
2019-04-16,75398160.738454,5246057,4871944835.718919,5.38,1973239515.0,1.6139999999999999,49696,645590,172753
2019-04-17,86483030.952225,5393934,5027638472.5274725,5.55,1866843512.0,1.6649999999999998,49708,750646,172723
2019-04-18,82615670.632404,5679894,4949786992.232727,5.46,2055060079.0,1.638,85684,852582,172685
2019-04-19,91276054.49985,5018033,4986047701.275045,5.5,1953198646.0,1.375,51991,659747,172664
2019-04-20,63977258.084868,4644984,4972508888.478977,5.49,1709261114.0,1.3725,50610,621723,172574
2019-04-21,94739767.052078,4698471,4952847189.405714,5.47,2308380252.0,2.0517969999999996,47845,637041,172741
2019-04-22,77031119.303356,5201596,4943374158.8495245,5.24,1906234626.0,2.096,54575,677176,172758
2019-04-23,100838115.50557499,5291919,4948282583.1081085,5.25,2210839457.0,2.1,59524,717105,172748
2019-04-24,119009627.948871,5490741,4870726839.068607,5.17,2836645834.0,2.436621,74248,745249,172753
2019-04-25,107541830.205564,5367466,4548936363.115469,4.82,2291830856.0,2.41,76730,805282,172763
2019-04-26,121649058.9439,5333723,4342890589.029535,4.6,2442763576.0,1.5630799999999998,76489,714115,172751
2019-04-27,127105064.049375,5277825,4485418969.2144375,4.75,1475970644.0,2.2876,77671,801009,172766
2019-04-28,89711305.587384,5160814,4453565070.0,4.72,1449287796.0,2.36,88061,813902,172769
2019-04-29,184408005.67002398,5257374,4450675851.832229,4.72,1796270983.0,2.36,84030,823509,172770
2019-04-30,144251842.484328,5218435,4273332503.453416,4.53,1917938501.0,1.8120000000000003,68730,776082,172754
2019-05-01,105070166.379465,4508793,4561518066.922594,4.83,1713346160.0,1.9320000000000002,59027,761392,172406
2019-05-02,95619697.54923601,4314735,4511965450.734864,4.78,1750854741.0,1.673,52094,734888,172733
2019-05-03,139820989.42157,4468292,4519123959.4833,4.79,2319344666.0,1.6764999999999999,59367,732987,172748
2019-05-04,89480457.135756,4253422,4796392456.201613,5.08,2223102130.0,1.508252,66078,658403,172781
2019-05-05,70307454.40694399,5129962,4681569661.061224,4.96,1735122032.9999998,1.2935679999999998,49838,670564,172740
2019-05-06,87081740.53131,5133135,4628332038.0,4.9,2076446562.0,1.47,53965,692182,172736
2019-05-07,83451963.09387,5786685,4626685918.480493,4.9,2112494045.9999998,1.47,55959,710422,172575
2019-05-08,116921724.38814601,5422652,4423875018.024489,4.86,1637626065.9999998,1.458,50663,655347,172646
2019-05-09,67291783.08881001,5193503,4466317246.783506,4.9,1744560659.0,1.47,49440,616595,172676
2019-05-10,71021149.70961,5165513,4415335335.393374,4.85,2371523898.0,1.781405,62827,594400,172707
2019-05-11,95467487.234742,5108717,4405137771.075949,4.83,4256454604.9999995,1.9320000000000002,57414,562976,172618
2019-05-12,97774845.98074499,5086530,5061808575.676691,5.55,3301874542.0,2.22,47377,575144,172643
2019-05-13,117871787.29127201,4805953,4845031161.77061,5.32,2798234857.0,2.128,46105,556951,172431
2019-05-14,140486939.732721,4998091,5074514541.413223,5.57,3961229989.0,1.671,60346,570827,172652
2019-05-15,158573895.97891602,4961553,5510330299.006172,6.04,3494184733.0,2.4160000000000004,49585,596973,172572
2019-05-16,180662733.708313,5243000,5902442052.270769,6.47,4126880970.0,2.588,45993,572983,172710
2019-05-17,198402985.1999,5117729,5929865726.744186,6.5,3902624012.0,1.95,46240,559215,172735
2019-05-18,98713800.61817399,4927787,5493800392.55348,6.02,2232747861.0,2.408,41260,530046,172734
2019-05-19,113756486.176696,5021426,5376986220.228043,5.89,2978376566.0,2.033228,40272,535677,172723
2019-05-20,122790430.7799,5116787,5929941980.56,6.5,2532017792.0,2.6,44603,546744,172620
2019-05-21,115649053.24687499,5347092,5702978495.62798,6.25,2164121707.0,1.875,40131,552179,172611
2019-05-22,169195035.469131,5091165,5739639932.6917925,6.29,2305368883.0,1.887,44401,530834,172630
2019-05-23,143570553.31329897,5080030,5445532198.244628,5.97,2191446373.0,1.194,50061,567883,172638
2019-05-24,162282726.030975,4760000,5526726523.3125,6.05,2697999059.0,1.8876,41124,473062,172693
2019-05-25,148679580.193639,4709314,5850138888.458529,6.41,2217343502.0,1.6025,39582,511212,172703
2019-05-26,107415912.43366198,4804066,5834429941.949348,6.39,2843299025.0,1.2463695,72787,491710,172728
2019-05-27,261537437.28765002,5483488,6327100876.203008,6.9,4977823905.0,1.3800000000000001,78122,609937,172675
2019-05-28,274447917.051905,5086664,7308826358.751552,7.97,4437847406.0,2.391,67263,545723,172597
2019-05-29,194052162.542245,5172885,7378949070.526316,8.05,3602319520.0,1.6100000000000003,46803,485453,172684
2019-05-30,284061478.460243,5159796,7306060462.833107,7.97,4903140101.0,1.594,77851,526021,172706
2019-05-31,352235222.72675,5205541,6763427482.371327,7.37,5200745770.0,0.7370000000000001,115878,641862,172705
2019-06-01,314804055.572724,5202585,7815407371.681233,8.52,5184333210.0,2.13,45547,537900,172745
2019-06-02,215092054.176973,4864157,7151124980.046332,7.79,3942017078.0,0.8569,81277,545877,172753
2019-06-03,314598436.767216,5096815,7131679158.820587,7.77,3932329538.0,1.554,43216,542790,172720
2019-06-04,232176986.8006,5603629,6242486662.82092,6.8,3898851096.0,0.8571399999999999,66338,553088,172715
2019-06-05,143668508.734008,5827642,5797791803.299225,6.32,3062300914.0,0.6528560000000001,73099,556935,172730
2019-06-06,119155014.74565001,5658361,5922726448.755869,6.45,2666958724.0,1.6125,40102,488761,172737
2019-06-07,126820659.143439,5537268,5868430277.2972975,6.39,2615153751.0,1.278,64025,462642,172723
2019-06-08,100196963.806266,5520864,6117792619.085803,6.66,2287769439.0,1.332,63284,468567,172718
2019-06-09,102347433.723504,5334606,5889019282.692059,6.41,2202476171.0,1.282,38712,464198,172691
2019-06-10,118119515.62092601,5365628,5670447108.0763235,6.17,2306492218.0,0.617,64369,504535,172674
2019-06-11,107964703.70851201,5793926,5917218122.990537,6.44,2064104529.9999998,1.2880000000000003,64593,596186,172708
2019-06-12,112207330.91803,5554180,5821405481.270185,6.34,2118767904.9999998,0.634,37973,505283,172696
2019-06-13,195474708.956428,5573213,5913078865.679566,6.43,2293386383.0,0.643,64469,583289,172699
2019-06-14,192350582.631049,5314705,5948839400.931714,6.47,2098241794.0,0.647,63388,549910,172735
2019-06-15,172359680.801152,5331132,6059523995.436232,6.59,2436436633.0,0.659,38816,546249,172743
2019-06-16,188192051.139,5323042,6347014440.128756,6.9,2909408358.0,0.6900000000000001,61782,541472,172741
2019-06-17,124347354.51486301,5759862,6431428812.753156,6.99,1782858839.0,0.6990000000000001,56999,594205,172722
2019-06-18,107591450.76603,6203142,6567111962.25,7.14,1790743371.0,2.856,39967,674112,172717
2019-06-19,103514905.68028,6205714,6257206509.053857,6.8,1552797807.0,1.36,83340,720162,172714
2019-06-20,107604791.75808899,6443681,6323775150.649123,6.87,1928502327.9999998,0.6938700000000001,96949,708078,172688
2019-06-21,124873589.36785997,6621105,6298799591.114244,6.85,2426965973.0,0.85625,44406,672658,172635
2019-06-22,166465689.64382598,6047776,6526394536.036144,7.09,3627262161.0,1.3467455,44415,558768,172534
2019-06-23,145842202.028268,6163201,6872158030.729655,7.47,2469803493.0,0.747,42153,515906,172549
2019-06-24,132592974.64767501,5934995,6670114902.973721,7.25,2210224932.0,0.7250000000000001,75689,617378,172460
2019-06-25,183956754.30052203,6301396,6658351514.583334,7.23,2602026087.0,0.8676,72645,631474,172550
2019-06-26,273942657.95832,6335618,6630109905.110784,7.2,4837563636.0,0.7200000000000001,93044,656038,172597
2019-06-27,246454283.876394,6071408,6248843683.098305,6.78,4299145527.0,1.356,93894,639726,172358
2019-06-28,157648723.074447,5797399,5441470271.44409,5.91,3688799077.0,1.1820000000000002,51284,620049,172630
2019-06-29,92675374.081064,5942852,5766189661.6875,6.26,2935339571.0,0.626,39413,524943,172601
2019-06-30,95800843.858509,5894569,5882921463.618717,6.39,2701782654.0,0.64539,40820,493407,172637
2019-07-01,120313129.267008,5345126,5305929483.588039,5.76,3020205062.0,0.576,62952,549144,172647
2019-07-02,112872822.78633198,5733906,5545417911.932202,6.02,3087391996.0,0.602,148824,624435,172635
2019-07-03,120356093.44775,6046160,5436355650.490998,5.9,2759715000.0,0.5900000000000001,61527,535559,172517
2019-07-04,309358201.700646,6441256,5610993390.678261,6.09,2384433838.0,0.6698999999999999,41391,539195,172588
2019-07-05,64714191.951950006,5413532,5301109624.913195,5.75,2075656693.0,0.6325,38424,501659,172548
2019-07-06,66352667.772672,6491294,5308576942.0,5.76,1962520397.0,0.576,35444,457059,172454
2019-07-07,43440822.666432,6760752,5310921916.993288,5.76,1869752912.0,0.576,36980,455959,172352
2019-07-08,101416218.19630001,6447119,5486913321.814381,5.95,2099452335.0,0.5950000000000001,38862,489568,172339
2019-07-09,85002980.15248,6665527,5514897620.58983,5.98,2231732195.0,0.5980000000000001,211108,644176,172316
2019-07-10,165205576.99919,5307317,5444419470.245747,5.9,3397970312.9999995,0.5900000000000001,53001,422638,172031
2019-07-11,155944215.038328,5396791,4883870843.535181,5.29,3378138040.9999995,0.529,37780,402130,172368
2019-07-12,97479276.349259,6545373,4326079394.537345,4.69,2184467097.0,0.4690000000000001,239409,681623,172653
